Rank,Pollster,Pollster Rating ID,Polls Analyzed,NCPP/AAPOR/Roper,Banned by 538,Predictive Plus-Minus,538 Grade,Mean-Reverted Bias,Races Called Correctly,Misses Outside MOE,Simple Average Error,Simple Expected Error,Simple Plus-Minus,Advanced Plus-Minus,Mean-Reverted Advanced Plus Minus,# of Polls for Bias Analysis,Bias,House Effect,Average Distance from Polling Average (ADPA),Herding Penalty
1,Selzer & Co.,304,50,yes,no,-1.164872371,A+,0.106846388,0.78,0.24,4.562133331,5.959977154,-1.392989483,-1.623991287,-1.006764055,33,0.201304927,-0.243631053,5.339088853,0
2,ABC News/The Washington Post,3,82,yes,no,-0.99196011,A+,0.919806741,0.737804878,0.085365854,3.05350727,4.972745084,-1.914383474,-1.328716977,-0.980676124,77,1.256718524,1.23127928,3.827491674,0.132349272
3,Siena College/The New York Times Upshot,448,83,yes,no,-0.954452104,A+,1.142941471,0.728915663,0.204819277,4.352681654,5.36492002,-1.007384026,-1.309740902,-1.055391385,82,1.422586092,0.231203998,3.574593668,0.225521742
4,IBD/TIPP,144,31,yes,no,-0.938424423,A+,-0.832350509,0.806451613,0.032258065,2.085001546,4.009343275,-1.919487389,-1.512109181,-0.792614384,31,-1.587915728,-1.814818206,3.70419522,0.099454588
5,Field Research Corp. (Field Poll),94,25,yes,no,-0.906694788,A/B,-0.682867914,1,0.2,4.103997269,5.990497434,-1.881645825,-2.473642991,-0.923133985,18,-2.455076324,0.725440897,4.752570928,0
6,SurveyUSA,325,834,yes,no,-0.875233087,A,0.048469122,0.893285372,0.195443645,4.704052175,5.683743839,-0.974837324,-1.032314129,-0.987296605,673,0.051270169,-0.531592683,4.94552007,0.136141502
7,Marquette University Law School,195,13,yes,no,-0.869700286,A/B,0.38310114,0.807692308,0.076923077,2.932985893,6.054269111,-3.116428877,-3.454291737,-1.235316783,9,1.407818264,-0.5141475,4.347614329,0.153877928
8,Siena College,305,55,yes,no,-0.829366047,A,-0.53660202,0.872727273,0.254545455,5.020084867,5.578377512,-0.553438304,-1.225251368,-0.803668444,50,-0.844322739,-1.053552798,4.695373959,0.179044574
9,Landmark Communications,166,48,no,no,-0.786005597,A,1.414304426,0.770833333,0.166666667,4.44842573,5.431063119,-0.977783049,-1.360030188,-0.912095512,42,2.192652975,-1.70716529,4.390866224,0.058361581
10,Research & Polling Inc.,280,40,no,no,-0.751383384,A,-0.608098182,0.875,0.1,4.338134384,5.568008057,-1.225019332,-1.767130073,-1.045516723,39,-1.030772772,0.47934301,4.642076464,0.314931303
11,AtlasIntel,546,22,yes,no,-0.749968515,A,0.43546164,0.75,0.227272727,4.584125345,5.225420257,-0.636440571,-1.023215482,-0.562768515,14,0.995340892,-1.740201084,6.067670032,0
12,MassINC Polling Group,198,20,yes,no,-0.7440585,A/B,-0.785046574,0.85,0.2,4.528241825,6.208162293,-1.675066128,-1.257475622,-0.586580623,14,-2.180184501,-1.995397342,5.796144353,0.081283346
13,Monmouth University,215,120,yes,no,-0.707623853,A,2.087707895,0.783333333,0.266666667,5.895935599,6.2815591,-0.38076916,-1.036981999,-0.864348347,83,2.741045688,-0.117475519,4.889776771,0.271113005
14,Marist College,183,189,yes,no,-0.669456195,A,0.106987557,0.833333333,0.26984127,5.503499349,6.156418871,-0.648065182,-0.727297537,-0.637006178,121,0.131435867,0.02968626,4.997716942,0.021915625
15,Fox News/Beacon Research/Shaw & Co. Research,103,46,yes,no,-0.652682828,A,1.807602334,0.75,0.369565217,5.562536032,5.996276726,-0.428886353,-0.769742992,-0.515020657,31,3.073489774,0.86634591,4.616863057,0
16,Stockton University,317,11,yes,no,-0.598886534,A/B,0.858687434,0.909090909,0.181818182,4.268058083,5.366326915,-1.093414492,-1.443419812,-0.459254256,11,2.698824102,0.738611168,6.075825607,0
17,Data Orbital,73,13,yes,no,-0.560137565,A/B,0.551591578,0.961538462,0,2.397174542,4.830461731,-2.428432848,-1.487450615,-0.565900437,13,1.449840252,-1.198510417,4.04626181,0.443716858
18,University of North Florida,360,10,yes,no,-0.547218379,A/B,0.890294372,0.4,0.3,4.059848022,6.303158922,-2.238456559,-1.393749349,-0.431460861,7,3.979950496,1.022124882,3.951826012,0.066674193
19,Blum & Weprin Associates,32,19,yes,no,-0.537080557,A/B,-0.693058625,0.947368421,0.210526316,4.740097849,5.24532323,-0.500371041,-2.155558391,-0.469106622,17,-3.425431644,0.552014794,4.496007924,0.072994116
20,Greenberg Quinlan Rosner/American Viewpoint,127,8,yes,no,-0.4631543,A/B,-0.666618653,1,0.5,4.377521992,5.458382514,-1.076006182,-1.622196341,-0.359766089,6,-4.268723806,1.512220144,5.405572548,0
21,Los Angeles Times,172,36,yes,no,-0.447896899,A/B,-0.17038267,0.847222222,0.277777778,5.032578468,6.345402786,-1.307969977,-0.847927211,-0.329905433,23,-0.603867324,0.865099155,5.176007333,0.124141068
22,Trafalgar Group,338,76,no,no,-0.441115008,A-,-1.322880839,0.657894737,0.328947368,4.464504016,4.785290986,-0.315932629,-0.628346205,-0.496507226,62,-1.730800259,-4.426759877,5.635691354,0
23,Public Policy Institute of California,262,17,yes,no,-0.435084716,A/B,-1.142767726,1,0.235294118,5.058373956,6.340402037,-1.277173741,-0.671018802,-0.266021631,11,-4.278469779,-1.420514016,,0
24,Christopher Newport University,50,13,yes,no,-0.415747714,A/B,1.035338401,1,0.307692308,5.421989147,5.367781175,0.059062314,-0.675268876,-0.254203392,12,2.971978823,2.005821493,4.543501255,0
25,Strategic Vision LLC,320,133,no,yes,-0.409343355,F,-1.565349522,0.887218045,0.187969925,3.919698873,5.18254229,-1.257989077,-0.775948955,-0.566836337,110,-2.314230589,-2.151473507,4.352002166,0.118201284
26,Public Opinion Strategies,260,77,yes,no,-0.403028618,A-,-1.463957199,0.681818182,0.207792208,5.400956191,5.741270747,-0.335460215,-0.705669173,-0.490177118,75,-2.147500305,-4.293983837,4.560357896,0.308343045
27,CBS News/The New York Times,36,62,yes,no,-0.39942246,A-,0.302559329,0.774193548,0.225806452,4.476905946,5.503620681,-1.021860394,-0.599019685,-0.355521099,51,0.530622445,1.517954371,4.121276803,0.210951284
28,Mason-Dixon Polling & Strategy,197,445,no,no,-0.394120066,A-,-0.515802352,0.859550562,0.231460674,5.126149068,5.502781457,-0.371778048,-0.54590353,-0.498784984,388,-0.571141263,-1.116511699,5.146237051,0.089613066
29,Public Policy Polling,263,454,no,no,-0.391842292,A-,0.932182502,0.792951542,0.314977974,5.105827021,5.550127918,-0.439446556,-0.432649072,-0.407306305,327,1.010979282,1.052475668,4.572874665,0
30,Emerson College,88,201,yes,no,-0.391804379,A-,0.843246524,0.763681592,0.218905473,5.191912618,5.690332813,-0.493565854,-0.611800374,-0.553877925,159,0.954035165,-1.373640348,4.557129235,0.222526281
31,University of Connecticut,347,11,yes,no,-0.38063358,A/B,-0.161233739,0.954545455,0.090909091,3.636163191,5.702708061,-2.061690529,-1.812616607,-0.298677445,11,-0.978496898,-0.651515152,8,0
32,Grove Insight,129,29,no,no,-0.377626249,A/B,0.551753979,0.896551724,0.068965517,2.952531749,5.123228803,-2.165842714,-1.854106225,-0.8506097,29,1.202679075,3.314108002,3.847079442,0.648352934
33,The Winston Group,385,10,yes,no,-0.362811118,A/B,1.084935522,0.5,0.4,4.175388336,5.243162856,-1.062920179,-0.908570168,-0.24246862,10,4.065433502,0.554444462,4.733011956,0
34,National Research Inc.,225,15,no,no,-0.358701788,A/B,-0.423508243,0.766666667,0.133333333,4.39080925,6.097393954,-1.701730364,-1.639751505,-0.653704803,12,-1.213219166,-2.92908941,4.708379749,0.140442468
35,Fairleigh Dickinson University (PublicMind),92,20,yes,no,-0.327958055,A/B,-0.216520633,0.95,0.1,4.44097805,5.358511689,-0.912679298,-0.838046651,-0.272094461,19,-0.690765983,2.435522154,4.523587596,0.265540695
36,Quinnipiac University,267,219,yes,no,-0.314976335,A-,0.548557001,0.817351598,0.269406393,4.796165736,5.62707079,-0.826050713,-0.301799152,-0.266975745,165,0.640159538,0.5421932,4.895978852,0
37,Ciruli Associates,51,20,yes,no,-0.303590018,A/B,-0.61091276,0.95,0.1,3.774400139,5.259219177,-1.479964697,-0.889458327,-0.266267361,20,-2.040736198,-2.65866103,5.241835567,0.318134169
38,Elon University,86,8,yes,no,-0.29039801,A/B,0.4572254,0.5625,0.125,3.152763367,4.723235578,-1.565617871,-1.421942557,-0.312648982,8,2.079483032,0.781310906,3.566882986,0.568159448
39,Elway Research,87,21,no,no,-0.287868666,A/B,0.779418241,0.904761905,0.047619048,3.91999499,5.772737359,-1.847888028,-1.814172327,-0.684975271,20,2.090176296,3.493979747,4.208246968,0.359720964
40,Louisville Courier-Journal,174,10,yes,no,-0.275493136,A/B,-0.222187321,0.8,0.1,3.537170792,5.386656777,-1.844631645,-1.669356578,-0.244821949,10,-1.515018845,-1.027777439,5.348942075,0.303236852
41,YouGov,391,455,no,no,-0.273505538,B+,0.676633978,0.886813187,0.320879121,5.03885929,5.174998706,-0.131285075,-0.342871735,-0.32360178,395,0.726129257,0.280365262,4.228015171,0.037358625
42,Suffolk University,323,90,yes,no,-0.272348759,B+,0.914310378,0.811111111,0.244444444,5.100966284,6.171914466,-1.066093841,-0.228749966,-0.175488441,54,1.371931076,1.690754449,5.290999668,0
43,RKM Research and Communications Inc.,272,35,no,no,-0.250252351,B+,-0.153259216,0.842857143,0.228571429,5.225879397,6.439681586,-1.208947849,-0.829645296,-0.409783781,21,-0.574811118,-1.533106154,4.493119662,0.042754932
44,Temple University,336,6,yes,no,-0.249752033,A/B,-0.21604781,1,0.166666667,3.659044266,5.680047545,-2.016148939,-1.860153293,-0.204075272,5,-2.454236603,0.731995376,3.404894871,0.141955418
45,National Journal,224,12,yes,no,-0.240628342,A/B,-0.137083308,1,0,2.588827451,5.180404787,-2.586722995,-1.52528218,-0.332783647,12,-0.628308296,0.333099451,3.469211118,0.890053169
46,Fox News/Opinion Dynamics Corp.,104,34,yes,no,-0.239209639,A/B,-0.299854703,0.720588235,0.117647059,3.895261147,5.056274405,-1.156158917,-0.300630047,-0.120237728,28,-0.908729281,-1.627355867,4.126998932,0.128540813
47,Michigan State University,463,2,yes,no,-0.22831457,A/B,-0.047025568,1,0,1.030765533,7.354118595,-6.318498721,-4.047355406,-0.35484979,2,-0.536365509,-1.52342687,,0
48,Abt Associates,7,10,yes,no,-0.223092214,A/B,0.813337155,0.9,0.3,3.862665558,5.522782326,-1.655262427,-0.783147915,-0.199387794,9,3.323231167,0.238162766,4.072007222,0.361449919
49,Muhlenberg College,219,32,yes,no,-0.221008328,B+,-0.141969339,0.859375,0.09375,3.769753098,5.368856194,-1.594248755,-1.123425604,-0.599113667,31,-0.272356218,0.283217934,3.645688037,1.07306346
50,Florida Atlantic University,97,9,no,no,-0.216151121,A/B,0.651405315,0.666666667,0,3.636521657,6.661359403,-3.019983405,-2.279551776,-0.692180318,5,3.434135437,0.330003003,3.66834324,0.450130463
51,Gallup,112,84,yes,no,-0.215480893,B+,-0.575577408,0.69047619,0.297619048,4.266228676,5.117734481,-0.846651464,-0.096501672,-0.060565041,69,-0.97803688,-1.518965194,4.154284865,0
52,RT Strategies,275,45,yes,no,-0.202131465,B+,1.002058801,0.666666667,0.377777778,5.921910265,5.554156042,0.372608563,-0.007357279,-0.003495413,45,2.109171719,3.299978956,7.471495589,0
53,Potomac Incorporated,256,8,yes,no,-0.197289307,A/B,-0.298975821,0.875,0.125,4.566968918,6.241066865,-1.669243607,-1.544391937,-0.174559091,6,-3.137205124,1.314545504,4.517884821,0.351844724
54,University of Massachusetts Lowell,355,26,yes,no,-0.195423237,B+,0.818615742,0.788461538,0.307692308,6.218944916,6.26589681,-0.042097553,-0.125961976,-0.070322727,17,1.859513002,-0.328596716,4.401121624,0.105058783
55,Northern Arizona University,234,4,yes,no,-0.191493207,A/B,-0.239764411,1,0.25,3.581880569,5.649931661,-2.063196751,-3.035183791,-0.219071297,4,-3.321882248,-5.12962963,6,0.188002341
56,Market Shares Corp.,187,25,yes,no,-0.190487036,A/B,-1.116463552,0.84,0.28,5.83343689,5.45917534,0.379115891,-0.518101023,-0.170983147,22,-4.090595766,-1.910674497,4.568093519,0.377503282
57,Angus Reid Global,13,31,no,no,-0.189157611,B+,-1.156968437,0.935483871,0.064516129,3.188856925,4.892401797,-1.698690531,-1.402220206,-0.699646589,31,-2.318777146,0.785616737,2.999321371,0.756352463
58,Tarrance Group,333,31,no,no,-0.187788821,B+,-0.932120796,0.838709677,0.225806452,5.727274064,6.269753479,-0.537625074,-0.624249421,-0.317510941,27,-2.074528164,-5.391174343,6.234594881,0
59,Pharos Research Group,254,33,no,yes,-0.181091218,F,0.783768384,0.939393939,0.151515152,3.727244233,4.996001397,-1.263902823,-0.842373933,-0.426571604,33,1.547749664,0.880557726,4.020183079,0.22742832
60,Cygnal,67,20,no,no,-0.178116738,B+,2.050310421,0.95,0.15,4.379972458,5.295646776,-0.910819977,-1.349535099,-0.676101162,20,4.092532349,-0.602070149,3.324110386,0.731045777
61,Susquehanna Polling & Research Inc.,326,46,no,no,-0.17481269,B+,0.614252151,0.717391304,0.260869565,5.351888657,5.511775496,-0.155032498,-0.418368636,-0.269041478,41,0.977383218,-1.257913986,5.399877914,0
62,Castleton University,45,3,yes,no,-0.156304289,A/B,,1,0.333333333,9.956270854,10.88909266,-0.927967466,-0.934079439,-0.097184209,0,,,,0
63,Wick,284,7,no,no,-0.155894758,A/B,-0.165971446,0.714285714,0,2.200096948,3.925699169,-1.720747881,-1.907580142,-0.525170423,7,-0.602859225,-3.730497145,5.761407581,0
64,Columbus Dispatch,57,22,yes,no,-0.147546466,A/B,0.978337251,0.931818182,0.454545455,5.398525238,5.205428866,0.197950713,0.024845856,0.00902453,17,2.964653913,2.693081749,5.531728786,0
65,Lake Research Partners,165,12,no,no,-0.132650177,A/B,0.802928544,0.833333333,0.25,4.055425008,5.466569561,-1.406290212,-1.459355515,-0.459878693,12,2.547972361,2.352757066,6.002162779,0
66,Public Religion Research Institute,428,1,yes,no,-0.128932589,A/B,-0.039520484,1,0,0.862007141,5.824591809,-4.957730327,-3.439645637,-0.157697603,1,-0.862007141,1.674285671,2,1.229466967
67,Public Opinion Strategies/Hamilton Campaigns (Texas Credit Union League),261,2,yes,no,-0.125597986,A/B,,1,0.5,6.85411644,11.09983461,-4.240863829,-2.734016207,-0.121509514,0,,,,0
68,Western New England University,380,11,yes,no,-0.110773337,A/B,-0.379696062,1,0.090909091,4.244961478,5.767853876,-1.518038057,-1.397399328,-0.400654671,10,-1.362352753,2.019394173,2.632072939,1.456800997
69,Market Solutions Group,188,4,yes,no,-0.100824715,A/B,-0.003388661,1,0.25,4.363952637,6.097904568,-1.729097591,-1.376334202,-0.085317827,2,-0.120422363,1.5,4.40151707,0.448482199
70,Scripps Howard,303,5,yes,no,-0.098184248,A/B,-0.140042276,1,0.4,4.791368103,4.674275851,0.121946592,-1.346039014,-0.087459203,5,-2.155317688,-3.042857143,2.449489743,0.518745993
71,Wirthlin Worldwide,387,4,yes,no,-0.096489162,A/B,-0.17707379,0.75,0.25,4.596271515,5.80193578,-1.200809924,-1.472980608,-0.066091471,4,-3.946443558,-5.564639633,5.251780871,0.144266661
72,Indiana University,149,2,yes,no,-0.095039952,A/B,0.027441175,1,0,0.868873596,5.810770507,-4.93704257,-4.491494659,-0.141852501,2,0.868873596,4.125,,0
73,Baruch College,22,2,yes,no,-0.093791638,A/B,,1,0,5.48683548,9.283068746,-3.791378926,-0.585597215,-0.044937919,0,,,9.150757595,0
74,Knowledge Networks,164,3,yes,no,-0.093515738,A/B,0.216354991,1,0.333333333,4.162570953,4.799824124,-0.63239883,-1.118871371,-0.060750347,3,3.984724681,0.753670025,3.138353813,0.140893017
75,Princeton Survey Research Associates International,258,35,yes,no,-0.088723921,A/B,0.445906197,0.657142857,0.314285714,4.965452739,5.250081343,-0.279774264,0.217902446,0.094720696,33,1.072647673,0.071797612,4.761307993,0
76,GfK Group,115,21,yes,no,-0.088418017,A/B,0.199463912,0.928571429,0.142857143,3.810167948,4.906137733,-1.091115444,-0.027949681,-0.010226694,21,0.545137315,1.278087153,4.62179928,0.216962404
77,Vox Populi Polling,372,19,no,no,-0.082472249,A/B,0.393727868,0.763157895,0.157894737,3.956891311,5.167959913,-1.206214261,-0.798005774,-0.351178578,19,0.894693274,-1.300901225,4.79898929,0.166838111
78,Fleming & Associates,96,18,no,no,-0.075807239,A/B,-0.587948617,1,0.111111111,5.132949617,5.804779807,-0.666975849,-1.634495628,-0.565265359,16,-1.821194887,-0.228021978,4.121158932,0.562868849
79,NBC News/The Wall Street Journal,221,34,yes,no,-0.074224876,B+,0.764102156,0.779411765,0.117647059,4.058129142,5.146696636,-1.083713153,-0.258722343,-0.139355755,29,1.43655356,0.621755962,3.053721057,0.47724842
80,Louis Harris & Associates,173,2,yes,no,-0.072307153,A/B,0.018919048,1,0,0.859378815,4.876444529,-4.012211374,-4.505402691,-0.099185516,2,0.859378815,5.375,5.497869162,0
81,KRC Research,160,22,yes,no,-0.070286044,A/B,0.08509213,0.909090909,0.409090909,7.130356875,6.784775968,0.350435248,0.16247334,0.038262864,11,0.72484762,2.476515146,6.497850784,0
82,Harris Insights & Analytics,133,182,yes,no,-0.062205464,B+,-1.065041464,0.832417582,0.483516484,5.043052254,4.155189055,0.89271754,-0.005239886,-0.004513201,182,-1.23652716,0.530328053,3.927387721,0
83,Georgetown University (Battleground),114,35,yes,no,-0.058401321,A/B,-0.530765289,0.557142857,0.142857143,3.355102648,4.717154975,-1.357197987,-0.187012415,-0.081939305,35,-1.211380768,-1.415722425,3.172950128,0.475367984
84,Behavior Research Center (Rocky Mountain Poll),27,7,yes,no,-0.058067329,A/B,0.439183497,1,0.285714286,5.286084856,6.095606947,-0.80466775,-0.594883138,-0.065393134,6,5.300599416,2.95,4.648209171,0.624583597
85,Escalent,189,1,yes,no,-0.055219346,A/B,-0.016648233,1,0,1.123138428,5.486926266,-4.358933498,-3.875852504,-0.057451595,1,-1.123138428,-4.64166673,3.6,1.265265741
86,St. Pete Polls,314,26,no,no,-0.050121309,B+,-0.121315989,0.557692308,0.346153846,4.886916087,5.232816108,-0.34104568,-0.314876591,-0.170864479,25,-0.230007324,-1.438832433,3.387095197,0
87,"Lauer, Lalley, Victoria",168,1,yes,no,-0.046444663,A/B,-0.018463971,1,0,1.658950806,6.284845113,-4.621039966,-4.423442351,-0.04923251,1,-1.658950806,4,,0
88,Gordon S. Black Corp.,123,2,yes,no,-0.04180535,A/B,-0.139959186,1,0.5,6.357505798,5.137398301,1.224961838,-0.614486188,-0.013527787,2,-6.357505798,-1.26984127,6,0
89,University of Florida,349,1,yes,no,-0.041136095,A/B,0.037395667,0.5,0,1.077785492,4.854339825,-3.771699993,-1.40546817,-0.048765195,1,1.077785492,-0.147058824,1.414285387,1.172301972
90,University of Cincinnati (Ohio Poll),346,39,no,no,-0.037059429,A/B,-1.306065147,0.935897436,0.230769231,4.19936097,5.688044859,-1.483829548,-0.872325855,-0.407999628,30,-3.20602951,-2.564063042,3.426229651,0.437974099
91,New England College,228,19,no,no,-0.033915669,A/B,-1.233823913,0.736842105,0.157894737,4.186138956,5.130762388,-0.939769091,-0.702212829,-0.277143061,19,-3.126208456,-3.275668948,5.506584217,0
92,Clemson University,54,8,no,no,-0.032707952,A/B,0.03059709,1,0.5,10.05574393,7.74566526,2.314933014,-4.333011535,-0.982170009,2,1.243055344,2.166666667,15.99796986,0
93,Ohio State University,236,1,yes,no,-0.028267094,A/B,-0.047240823,1,0,3.677444458,4.889618662,-1.207319863,-0.267548921,-0.00343696,1,-3.677444458,-5.8,,0
94,Global Strategy Group/National Research (Philadelphia Inquirer),119,4,yes,no,-0.024162948,A/B,-0.295778785,1,0.25,2.981807709,4.960417918,-1.973755869,-1.602300615,-0.177211934,4,-2.674348831,0.203020867,2.248334797,1.940660405
95,Voter/Consumer Research,371,8,yes,no,-0.020528645,A/B,-0.093870664,1,0.375,4.966556311,5.544527388,-0.573116737,-0.999475872,-0.161504571,8,-0.580921412,-2.90647997,2.05764765,1.372204334
96,Saint Anselm College,494,5,no,no,-0.004347826,A/B,0.498392022,1,0.2,2.593349457,5.025210111,-2.427006314,-2.98321061,-0.648524046,5,2.292603302,0.033333333,2.666666667,0.925767603
97,Star Tribune (Minnesota Poll),315,14,yes,no,-0.002702177,A/B,0.786653108,0.571428571,0.428571429,5.33117812,4.399871007,0.936161454,0.467665241,0.088251452,12,4.415757815,3.103320209,4.948527776,0
98,co/efficient,514,5,no,no,0.002537472,B/C,-0.145820055,0.8,0,2.651225281,4.891678481,-2.23559886,-3.390815593,-0.729494173,5,-0.677796936,-7.721500015,3,0.208676362
99,Pew Research Center,253,25,yes,no,0.005041699,B/C,0.746803726,0.5,0.36,4.317460785,4.529008709,-0.206693584,0.444139061,0.163224977,25,2.03207077,1.005657166,3.818391935,0
100,American Viewpoint,10,8,no,no,0.005154341,B/C,-0.762145063,0.6875,0,4.162409306,5.712293977,-1.545030331,-2.079017544,-0.445495947,8,-3.55673933,-3.333993882,6.252438155,0
101,GQR Research (GQRR),126,57,yes,no,0.008004324,B,2.127007881,0.543859649,0.122807018,4.536231861,5.335848747,-0.794762545,0.188992934,0.11330131,55,3.593433311,3.318148647,4.138938621,0.102270037
102,EPIC-MRA,84,54,no,no,0.010777333,B,0.115735045,0.796296296,0.222222222,5.469057719,5.689511944,-0.215599884,-0.594597246,-0.384074284,47,0.191980078,0.410154619,3.969750265,0.466575424
103,Polling Company/Global Strategy Group (Hotline Bullseye),255,4,yes,no,0.018693647,B/C,-0.212461746,0.25,0.25,4.2940979,3.80801672,0.490935521,0.957514713,0.047375549,4,-4.2940979,-2.752550265,3.15546352,0.200528691
104,NPR,222,3,yes,no,0.018790639,B/C,0.062800775,0.166666667,0.333333333,4.715724945,5.210355843,-0.489776557,0.262493665,0.020315539,3,0.811438243,0.67361119,2.092172685,0.614713656
105,Harvard University,135,1,yes,no,0.025959916,B/C,0.101259823,0,0,6.831283569,5.543205938,1.292931972,1.037013565,0.015371608,1,6.831283569,1.583333333,2.5,2.439576682
106,Rasmussen Reports/Pulse Opinion Research,277,748,no,no,0.034939605,B,-1.466656729,0.781417112,0.279411765,5.124549338,5.499760509,-0.370356831,-0.044896509,-0.042935106,609,-1.546923927,-1.259056325,4.632534084,0.069371959
107,Harstad Strategic Research Inc.,134,11,no,no,0.039729512,B/C,0.617120123,0.772727273,0.090909091,3.714972409,5.669405626,-1.949578876,-1.649749559,-0.380215335,11,2.677676461,3.61400977,5.242027052,0.014403705
108,University of Illinois at Chicago,352,1,yes,no,0.041319073,B/C,-0.156897646,1,1,14.09693909,5.544373068,8.55742036,5.885395862,0.065503919,1,-14.09693909,-5.111111111,,0
109,Opinion Savvy/InsiderAdvantage,243,140,no,no,0.043087657,B,1.134172437,0.667857143,0.357142857,6.636673083,6.636300153,0.00522727,-0.001721822,-0.001431466,63,1.515061545,-0.43396513,5.842477416,0
110,"North Star Opinion Research/Ayres, McHenry & Associates",233,9,no,no,0.05043568,B/C,-0.591261827,0.944444444,0.222222222,4.970684263,6.491519398,-1.515980794,-2.929827125,-0.584397278,7,-3.121360779,-4.666666667,4.414213562,0.329571581
111,CNN/Opinion Research Corp.,37,103,yes,no,0.052434308,B,-0.041707186,0.737864078,0.252427184,5.555428514,6.127109926,-0.566827072,0.086324234,0.065756729,71,-0.062062169,0.171013567,4.91414579,0.112627776
112,Harper Polling,132,14,no,no,0.053214263,B/C,0.481336086,0.785714286,0.142857143,3.749158859,5.637929723,-1.883916523,-0.972870778,-0.367602056,11,1.475977117,-0.739746257,4.419007504,0.422992623
113,University of Arkansas,345,8,yes,no,0.089489807,B/C,0.570762858,1,0.125,6.495942831,5.212411799,1.288385373,0.80643439,0.205133112,7,2.752563749,-4.883928694,6.9375,0
114,Clarity Campaign Labs,52,12,no,no,0.103068316,B/C,1.125647983,0.541666667,0.166666667,3.510533015,4.635695564,-1.120308209,-1.071911308,-0.344921758,12,3.498169581,1.098717961,2.634383123,0.397138006
115,Magellan Strategies,179,18,no,no,0.103552386,B/C,-0.477654125,0.944444444,0.333333333,6.506266806,6.063859171,0.447261975,-0.299016874,-0.122793472,11,-1.761101463,-4.227932803,6.207724546,0
116,Starboard Communications,316,4,no,no,0.127434638,B/C,0.37404674,1,0,2.159484386,5.083658222,-2.919319495,-6.562266284,-1.143598075,3,2.838808695,-5.112361537,14.37580641,0
117,Gravis Marketing,124,153,no,no,0.129324432,B,1.453605099,0.705882353,0.320261438,5.225739161,5.165997144,0.064596358,0.105002036,0.091404215,124,1.718738925,-0.074253911,4.254951042,0.004287278
118,The Kitchens Group,664,1,yes,no,0.132298632,B/C,0.258587736,0,1,11.37808228,6.271495278,5.111441338,7.077270487,0.16084392,1,11.37808228,12.5,,0
119,Data for Progress,522,73,yes,no,0.14021834,B,3.339741874,0.773972603,0.424657534,6.634929579,5.665492616,0.974291304,0.168587231,0.135192434,42,4.777564821,0.763076298,4.063613611,0.109026361
120,SEA Polling & Strategic Design,302,12,no,no,0.145160096,B/C,0.554556023,0.833333333,0,3.021411737,5.60369483,-2.577428753,-1.201709098,-0.332836052,10,2.16911087,0.011592313,3.751690993,0.398872613
121,Spry Strategies,508,5,no,no,0.151053532,B/C,-0.459777703,0.8,0.8,9.491231155,6.365914304,3.130171192,-1.309671564,-0.281760464,2,-4.835419655,-9.453224503,13.78226443,0
122,Ward Research/The Honolulu Star-Advertiser,375,15,no,no,0.151121143,B/C,-0.405975123,0.8,0.333333333,5.849984233,5.784769724,0.070068849,-1.164893859,-0.342370152,15,-1.381305949,4.183333333,3.857677039,0.489464142
123,Mellman Group,205,26,no,no,0.152048075,B/C,1.746657827,0.826923077,0.115384615,4.490122282,5.184555975,-0.689579353,-0.34934632,-0.161042378,26,3.788993249,5.262387913,4.306543305,0.303455391
124,Strategic National,318,4,no,no,0.154358676,B/C,0.439819433,0.375,0.25,3.024273872,5.346863823,-2.31773561,-3.108772777,-0.514373031,4,2.658185005,-4.752777735,5.388762756,0.014668453
125,Ohio University,237,2,yes,no,0.159171536,B/C,0.348895847,0.5,0.5,8.756826401,5.068121585,3.693559156,4.872969651,0.194152401,2,8.756826401,8.129241083,8.507804122,0
126,Victory Research,437,11,no,no,0.160673688,B/C,0.317066822,0.909090909,0.363636364,6.008824609,4.960331774,1.053347175,-0.408378009,-0.142644923,10,1.003410912,-1.353572241,4.988767384,0.034857199
127,Winthrop University,386,2,yes,no,0.171105835,B/C,0.006141316,1,0.5,12.02864552,7.058343477,4.975156379,2.219962264,0.200219915,1,0.17880249,-1.166666667,3.625,0.274946551
128,Yankelovich Partners Inc.,390,7,yes,no,0.176250414,B/C,-0.038290775,0.5,0.571428571,10.17622866,7.449670633,2.731412367,2.538778596,0.208645684,3,-1.088362376,-1.833511945,4.329685524,0.225175664
129,Middle Tennessee State University,208,5,yes,no,0.184197642,B/C,0.552022837,1,0.6,9.306238556,6.189826948,3.121265948,1.581817502,0.225208184,4,4.588799,-6.125,4.414213562,0.228426132
130,St. Norbert College,313,12,no,no,0.200805946,B/C,-0.010914669,0.875,0.083333333,4.796833038,6.029303756,-1.227616377,-1.042018643,-0.25421765,11,-0.04962401,1.500361373,5.274291885,0.215817449
131,CVOTER,40,6,no,no,0.207464211,B/C,-0.238940261,1,0,1.865321477,3.74188423,-1.871708412,-1.434479972,-0.261048933,6,-1.31299146,-0.392521052,3.221708933,0.003767927
132,Hendrix College,138,16,no,no,0.212506249,B/C,1.28573997,0.9375,0.5625,7.155205965,5.760620306,1.39944,-0.163079703,-0.059862491,15,3.65445226,-2.656944261,,0
133,Optimus,245,19,yes,no,0.217678804,B/C,-1.117009354,0.842105263,0.631578947,7.233441905,5.350868055,1.88742819,0.891459377,0.411052759,16,-2.699467897,-3.307204779,6.255169108,0
134,GBAO,109,12,no,no,0.220311168,B/C,1.479041192,0.791666667,0.25,5.452708562,5.611396885,-0.153833982,-0.262591706,-0.097483943,12,3.984081268,3.627154042,3.988812037,0.134205463
135,Glengariff Group,117,11,yes,no,0.22247272,B/C,0.720490084,0.818181818,0.363636364,5.300437234,5.592308862,-0.287017287,0.7053953,0.221970141,10,2.378857422,2.724774344,4.138410227,0.441154813
136,ROI Rocket,554,3,no,no,0.223428571,B/C,,1,0.333333333,2.59948349,8.232182048,-5.627844217,-5.238768298,-0.748395471,0,,,4,0.424985555
137,Cardinal Point Analytics (CardinalGPS),591,3,no,no,0.22471897,B/C,-0.355490548,1,0,2.488433838,4.543013271,-2.049725092,-1.99096721,-0.284423887,3,-2.488433838,-7.321529436,7.26617679,0
138,Pan Atlantic Research,249,17,no,no,0.237747722,B/C,0.757477916,0.941176471,0.235294118,6.268916186,6.081014145,0.192756382,-0.284397966,-0.089591071,15,2.647677994,1.376905109,7.300001144,0
139,University of South Alabama,361,9,no,no,0.239042713,B/C,-0.427017234,1,0.111111111,3.683771345,5.098838933,-1.410213248,-1.918594036,-0.276923013,9,-2.958485497,-0.822916667,5.744313994,0.058093413
140,Strategies 360,321,9,no,no,0.242216388,B/C,1.421533555,0.666666667,0.222222222,5.8579216,5.570875705,0.291900236,-0.419280202,-0.1272913,9,4.682337867,0.228240762,3.622497582,0.0991579
141,RRH Elections,274,9,no,no,0.252404033,B/C,0.485869979,0.833333333,0.222222222,4.217260149,5.555821995,-1.333707506,-1.249068238,-0.346261177,9,1.752679189,-3.953673429,3.888251872,0.834746958
142,Insights West,151,9,no,no,0.253849106,B/C,-0.113127777,0.944444444,0,2.45503913,4.639068438,-2.179174967,-1.694811305,-0.461347529,8,-0.45339489,-0.993436164,3.120698851,1.258770957
143,"University of Nevada, Las Vegas Lee Business School",609,5,no,no,0.260478617,B/C,0.180905715,0.6,0.2,3.195565033,5.426599649,-2.226180275,-1.062737338,-0.231029856,5,0.83216629,0.706250334,4.05714253,0.280938977
144,Morning Consult,218,66,no,no,0.261043317,B,2.920609137,0.833333333,0.53030303,4.48691004,4.316107632,0.175656748,0.260211038,0.203053395,66,3.742733464,0.1526782,2.982458561,0
145,Remington Research Group,279,43,no,no,0.264289701,B,1.781602967,0.720930233,0.418604651,5.384396841,4.293254222,1.09599696,0.264441471,0.173530987,42,2.750752676,-1.470989095,4.615157539,0
146,Dan Jones & Associates,70,42,no,no,0.266090458,B,0.943684531,0.952380952,0.166666667,6.009996142,5.934434028,0.080416454,0.267840923,0.145774919,36,1.895715608,-1.712228741,9.452576821,0
147,Market Research Institute Inc.,186,11,no,no,0.288383737,B/C,0.098855059,1,0.272727273,4.200706482,5.203628819,-0.998067996,-1.723606437,-0.263592769,11,0.646403226,0.371111149,5.071841119,0.349645309
148,RBI Strategies & Research,271,4,no,no,0.290902976,B/C,0.360600732,1,0,2.368895531,5.377189598,-3.003439727,-1.395041024,-0.217616179,3,2.516201019,3.802380771,5.13664655,0.08492333
149,East Carolina University,523,11,yes,no,0.298326791,B/C,1.595381223,0.636363636,0.545454545,8.970200625,5.677284901,3.297770065,0.962521165,0.365094235,8,5.184988976,0.252274056,3.575512007,0.252704012
150,Ogden & Fry,425,3,no,no,0.300123476,B/C,-0.013063636,1,0,2.535954158,5.944371449,-3.403562951,-3.96749257,-0.467214475,2,-0.227836609,-5.816668193,5.950001526,0
151,Riley Research Associates,290,7,no,no,0.307444221,B/C,-0.070274052,1,0,2.681526184,5.462639975,-2.77625945,-1.966914783,-0.229396865,7,-0.602549962,-1.264285796,,0
152,Kiley & Company,162,5,no,no,0.307882229,B/C,0.399402284,1,0.4,4.352800751,5.496475499,-1.138820407,-1.533021049,-0.208497322,5,2.936690521,7.015042792,5.499278385,0
153,David Binder Research,578,3,no,no,0.309107366,B/C,0.096672259,0.333333333,0.333333333,4.217210134,7.210829379,-2.988764905,-1.400248437,-0.200035491,1,1.836772919,0.659999847,6.412625605,0
154,"University of California, Berkeley",457,4,yes,no,0.315105647,B/C,0.044319544,1,0.75,7.70818758,5.584454447,2.128587473,2.319881202,0.39992428,2,0.46985817,4.664999962,8.582088739,0
155,Praecones Analytica,257,3,no,no,0.321228612,B/C,-0.19900789,0.333333333,0,1.795216878,5.473129377,-3.673058158,-3.760935855,-0.416916707,3,-1.795216878,-5.199742801,4.881398235,0.761622992
156,BK Strategies,20,3,no,no,0.32731599,B/C,0.406323188,0.666666667,0.666666667,3.803844452,4.427948959,-0.619250167,-2.213302634,-0.245354583,3,3.665373484,-2.929798049,3.271102184,0.268215848
157,Civiqs,471,25,no,no,0.327453313,B-,2.927802992,0.76,0.4,5.482425613,5.093528279,0.393751675,0.373139698,0.216941685,22,5.323278167,1.472329254,5.520112441,0
158,Garin-Hart-Yang Research Group,113,29,no,no,0.330415873,B-,1.959083006,0.810344828,0.310344828,5.900503751,5.640044379,0.265313712,0.346174559,0.169842274,29,3.99302647,4.497608627,5.158349719,0.038063123
159,Iowa State University,153,3,no,no,0.342045306,B/C,,0.666666667,0.333333333,6.246297836,10.63547991,-4.384327735,-5.02460919,-0.52277424,0,,,,0
160,Ipsos,154,104,yes,no,0.342195274,B-,1.592525707,0.75,0.182692308,4.582377892,4.860149538,-0.272917306,0.018280929,0.014990154,97,1.954096961,0.611750809,3.1281803,0.490360262
161,DFM Research,69,10,no,no,0.345989557,B/C,1.51547565,0.75,0.4,6.439217758,5.624288879,0.819783219,-0.54377968,-0.151563376,10,5.437229538,3.838333292,2.498721331,0.473171769
162,McKeon & Associates,202,3,no,no,0.347262629,B/C,0.194068607,0.666666667,0.333333333,2.908102671,5.773995099,-2.861038087,-5.210448699,-0.533214015,2,3.034235001,0.592857361,12.75257481,0
163,Research 2000,281,278,no,yes,0.350871915,F,1.26885888,0.881294964,0.215827338,5.457386202,5.581333865,-0.119093323,0.118742624,0.101326596,248,1.513538161,1.215816504,4.616712737,0.247060846
164,Lucid,175,25,no,no,0.354147384,B-,1.923144123,0.88,0.32,4.200403137,4.485141788,-0.27988431,0.440295755,0.225141613,25,3.760975952,2.267085902,3.834581602,0
165,Echelon Insights,407,2,no,no,0.3544,B/C,0.148821068,1,0,1.488210678,5.022068575,-3.529003557,-3.285848209,-0.328584821,2,1.488210678,-2.832186497,3.102726923,0.378549492
166,John Zogby Strategies/EMI Research Solutions,583,2,no,no,0.3544,B/C,0.033821106,1,0,1.10881424,4.114685808,-3.001017228,-2.668757774,-0.266875777,2,0.33821106,-4.01689341,4.538557845,0
167,El Nuevo D’a/The Research Office,599,2,no,no,0.3544,B/C,,1,0,1.738414764,4.743661414,-3.000392309,-2.252755432,-0.225275543,0,,,4.416666667,0
168,Alabama State University,8,4,no,no,0.354813048,B/C,,0.5,0.5,6.384744644,9.412257813,-3.022658828,-4.208478729,-0.420279056,0,,,5,0.029835618
169,Frederick Polls,108,7,no,no,0.370331415,B/C,0.815399808,0.5,0,3.650873184,4.73712597,-1.081398445,-0.7950731,-0.20915083,6,3.200395584,0.237114611,2.939237665,0.749917058
170,USC Dornsife/Los Angeles Times,343,10,yes,no,0.377210207,B/C,0.920426612,0.8,0.8,5.216633606,4.38956375,0.831924197,1.570846139,0.522206248,10,2.768730927,1.510197427,6.713971739,0
171,University of Washington,364,9,no,no,0.380048145,B/C,0.053253373,1,0,3.622421689,5.063046854,-1.435770825,-1.191054899,-0.229604093,9,0.276248084,3.35621775,4.606347677,0.794824569
172,Latino Decisions,482,2,no,no,0.381147274,B/C,0.230152732,1,0,3.487352371,6.998023893,-3.505817181,-3.421120514,-0.342112051,1,4.372901917,-2.489285469,0.5,1.688593257
173,Orion Strategies,246,4,no,no,0.389618092,B/C,0.106173069,1,0.25,3.205460548,6.358808465,-3.148493576,-4.25917241,-0.376833496,3,1.527838389,6.492857125,2.666666667,0.348757279
174,Tulchin Research,340,3,no,no,0.396749503,B/C,-0.083485134,0.666666667,0,3.758841197,5.287960358,-1.524264821,-2.135247734,-0.212678279,3,-0.838174184,5.405614937,2.891996797,0.548264963
175,GS Strategy Group,478,2,no,no,0.398560522,B/C,-0.437889357,1,0.5,5.118545532,6.080013998,-0.956614125,-2.701267272,-0.231092247,2,-5.118545532,-5.806252956,,0
176,IVR Polls,146,4,no,no,0.399919642,B/C,,1,0.25,4.152257919,8.539092643,-4.381980384,-2.930696528,-0.249416427,0,,,7.977818519,0
177,Richard Day Research,287,11,no,no,0.401451796,B/C,-0.440588704,1,0.363636364,5.49305517,5.325724484,0.172185027,-0.628717175,-0.096487232,11,-2.870905096,-0.447678559,5.530808907,0
178,University of Massachusetts,354,11,no,no,0.405931639,B/C,-0.153840935,1,0.363636364,6.411165758,8.012160595,-1.596140497,-0.972958332,-0.121834897,2,-6.06476593,-0.833333333,7.665543245,0
179,University of Georgia School of Public and International Affairs,350,4,no,no,0.407830383,B/C,0.524631495,0.5,0.25,2.95907402,4.819615461,-1.8556871,-1.48650552,-0.263551235,4,2.95907402,0.444898241,2.073838435,1.120195635
180,MWR Strategies,617,2,no,no,0.410275428,B/C,-0.034306708,0.5,0,1.786197662,4.816119989,-3.025067986,-1.792315335,-0.157140319,2,-0.391296387,-3.042161029,5.016464086,0
181,Keating Research,161,5,no,no,0.411577466,B/C,0.144502822,0.8,0,2.420847321,4.517917228,-2.092215567,-1.139007483,-0.177222613,5,0.928717804,2.774069838,3.75875629,0.598399012
182,MSR Group,178,6,no,no,0.415359233,B/C,0.104328888,1,0.166666667,5.407261531,5.762207736,-0.350091865,-1.689124917,-0.15053188,6,1.170679092,1.333333333,,0
183,Maine People's Resource Center,180,14,no,no,0.41590453,B/C,0.126887727,0.928571429,0.214285714,5.755923271,4.803206508,0.957571104,0.313914427,0.103256407,12,0.414564451,-0.995833821,6.71633578,0
184,OH Predictive Insights,235,7,no,no,0.417043402,B/C,-0.653199859,0.714285714,0.142857143,4.496619361,5.834802875,-1.333329174,-0.270080429,-0.069694489,6,-2.741799672,-3.343813371,3.664822718,0.384573814
185,OnPoint,240,6,no,no,0.419510449,B/C,0.024774089,1,0,2.569707235,5.068054023,-2.493492447,-1.921803886,-0.20695073,6,0.230059306,2.054282396,3.488647199,0.744548874
186,RMG Research,555,25,no,no,0.423571683,B-,3.492471828,0.76,0.48,6.007100372,4.656199106,1.355755607,0.23179042,0.134761872,25,6.007051544,0.206414158,2.876574458,0.306672874
187,Master Image,200,2,no,no,0.425486793,B/C,,1,0,1.163215637,9.148190844,-7.980120866,-6.450210787,-0.494980242,0,,,,0
188,Douglas Fulmer & Associates,82,2,no,no,0.425486793,B/C,,1,0.5,5.041962624,9.504355832,-4.457538867,-4.250752548,-0.326196863,0,,,8.624999523,0
189,Keating Research/OnSight Public Affairs/Melanson,455,3,no,no,0.425499343,B/C,-0.112109205,1,0,1.932412465,4.848024886,-2.91075808,-1.871559197,-0.257963857,3,-0.813365936,0.575396644,2.064001485,1.226228374
190,Franklin & Marshall College,106,23,yes,no,0.427935907,B/C,0.507383096,0.869565217,0.217391304,6.114802153,6.002996384,0.11666011,1.104060899,0.503403901,20,1.220170975,1.145535388,4.923448893,0.254348096
191,Basswood Research,24,4,no,no,0.434345761,B/C,-0.210862612,0.75,0.5,8.04241991,7.18921998,0.858054271,-1.093209658,-0.114780516,2,-8.710025787,,,0
192,University of New Orleans,358,13,no,no,0.435964353,B/C,0.330477039,0.923076923,0.307692308,5.591800983,5.283226299,0.313429025,0.373960801,0.122838321,12,1.09154129,1.87888908,9.540870497,0
193,CJ&N,63,3,no,no,0.450078482,B/C,0.093277191,1,0.333333333,4.423019409,7.308646503,-2.880772754,-3.244320803,-0.222857574,1,3.249938965,,,0
194,Marshall Marketing,196,4,no,no,0.451912518,B/C,-0.212397164,1,0,3.451752663,6.163325363,-2.706718359,-1.507514846,-0.122369086,3,-3.06505839,-1.328352508,,0
195,Missouri State University,212,3,no,no,0.452661694,B/C,0.307127255,0.666666667,0,4.362482707,6.311402307,-1.94406526,-1.980861694,-0.147856975,3,4.11462911,1.158334732,4.099998474,0.25911985
196,Financial Dynamics,95,15,no,no,0.454958051,B/C,-0.346951875,1,0.066666667,2.941521454,4.91220703,-1.965831236,-0.36244617,-0.093187315,15,-1.349447378,-1.859637694,2.458646648,0.620948477
197,APC Research,4,2,no,no,0.455044676,B/C,0.169962355,1,0,2.534235001,5.353794251,-2.81470491,-3.205234956,-0.214963995,2,2.534235001,0.40238117,,0
198,"Fabrizio, Lee & Associates",90,4,no,no,0.463689102,B/C,0.250178434,0.5,0.25,4.573753357,5.563214118,-0.98460642,-0.62279113,-0.083344718,4,1.869451523,-2.922580575,3.222222222,0.211863297
199,Virginia Commonwealth University,370,7,no,no,0.474958178,B/C,-0.087163255,1,0.142857143,4.460221427,5.03678149,-0.571705723,-0.294504671,-0.063650088,7,-0.403298514,-1.391741566,4.314236685,0.49432862
200,Ragnar Research Partners,517,2,no,no,0.475708401,B/C,0.325718498,1,0.5,4.802282333,4.923467673,-0.116330999,-0.786915989,-0.078691599,2,3.257184982,-2.324999809,,0
201,Research Co.,449,35,no,no,0.476978705,B-,0.949696064,0.914285714,0.114285714,4.513995852,4.852324779,-0.333474586,-0.335954593,-0.215803315,34,1.49210913,0.45024057,3.745042801,0.931511938
202,MFour Mobile Research,177,2,no,no,0.481113303,B/C,-0.164403353,1,0.5,2.808574677,4.216155657,-1.40272664,-4.391196248,-0.257044041,2,-2.808574677,5.108332952,6.905530131,0
203,University of New Hampshire,357,122,yes,no,0.483419927,B-,2.352768823,0.848360656,0.262295082,5.961604025,5.56955015,0.396908215,0.534817587,0.431142389,109,2.98509631,2.444572968,5.444211179,0.164882487
204,We Ask America,376,56,no,no,0.486669515,B-,-0.904388277,0.8125,0.446428571,6.731526852,6.026793678,0.709587514,0.608168874,0.393471574,37,-1.679796116,-1.629044704,5.435293546,0
205,Zogby Interactive/JZ Analytics,395,477,no,no,0.491436549,B-,-0.687706351,0.772536688,0.303983229,5.542520027,5.372256791,0.175117577,0.515648891,0.466035848,380,-0.781133576,0.11029418,5.03514216,0
206,Merrill Poll,206,2,no,no,0.497476635,B/C,,1,0.5,8.717165947,9.741641433,-1.019621145,-1.061882439,-0.081487388,0,,,,0
207,Amber Integrated,556,1,no,no,0.499157895,B/C,-0.019750093,1,0,0.37525177,5.821665545,-5.441559434,-4.582240064,-0.24117053,1,-0.37525177,-5.399999619,6.299999237,0.196109642
208,Park Street Strategies,534,1,no,no,0.499157895,B/C,,1,0,2.407428741,8.392593807,-5.980310724,-3.834212158,-0.20180064,0,,,4.939999962,0
209,Data Targeting,406,1,no,no,0.499157895,B/C,-0.2104962,1,0,3.999427795,6.190354654,-2.186072518,-3.531059731,-0.185845249,1,-3.999427795,,,0
210,Rethink Priorities,672,2,no,yes,0.501851464,F,0.378820992,1,0.5,3.788209915,4.442013796,-0.648949541,-0.525485362,-0.052548536,2,3.788209915,-0.490371269,2.787908395,0
211,Wiese Research Associates,382,7,no,no,0.504835859,B/C,0.946760662,1,0.428571429,7.323360988,5.847293605,1.480921723,0.175468462,0.030920429,7,5.372714451,6.664444266,,0
212,RAND (American Life Panel),270,4,no,no,0.509539594,B/C,0.173651428,1,0.25,2.674911499,3.57911039,-0.89934455,-0.190618616,-0.023006679,4,1.438764572,3.72180538,4.048593496,0
213,JMC Analytics,156,13,no,no,0.510699812,B/C,-0.781916474,0.884615385,0.153846154,5.687059843,5.164945171,0.526969012,0.654214444,0.243100674,13,-2.104235429,-1.712971274,5.79709197,0
214,Moore Information,217,12,no,no,0.511878269,B/C,-0.69519482,0.75,0.166666667,6.462831497,5.818690209,0.648995629,0.3852977,0.114428861,12,-2.340816498,-4.355487006,5.241224484,0.171956076
215,OnMessage Inc.,239,12,no,no,0.516836666,B/C,-1.638568026,0.75,0.333333333,6.762459119,5.638599712,1.128713747,0.576358954,0.17203171,12,-5.489705086,-5.856712357,7.706283609,0
216,The Tyson Group,334,14,no,no,0.516973529,B/C,0.106847285,0.892857143,0.142857143,4.52432469,5.719990684,-1.190811654,0.291607423,0.087499061,12,0.45944341,0.108508397,4.207747812,0.287729397
217,Dittman Research,79,6,no,no,0.518510576,B/C,0.478023256,1,0.333333333,5.368421555,5.218344633,0.154931262,-0.051498694,-0.006579259,5,4.585626984,-1.083808899,8.511497639,0
218,Mason Strategies,464,1,no,no,0.519891417,B/C,0.086658765,1,0,1.890171051,5.708192679,-3.813167288,-4.6043481,-0.211095774,1,1.890171051,-4.050000191,,0
219,1892 Polling,461,1,no,no,0.519891417,B/C,-0.027741991,1,0,0.605098724,4.986418844,-4.376465779,-3.738883553,-0.171416779,1,-0.605098724,-4.217575998,7.549999237,0
220,Braun Research,33,6,no,no,0.521849798,B/C,1.16839514,1,0.5,6.579040527,5.333275649,1.250619219,0.084193315,0.014952189,6,6.579040527,2.750000318,2.25,0.193905661
221,Big Data Poll,251,4,no,yes,0.522758639,F,-0.434245457,0.25,0.25,3.046503067,3.696486659,-0.645129251,0.093166143,0.013279808,4,-3.046503067,-4.851080095,6.731741859,0
222,Blumenthal Research Daily,447,2,no,yes,0.526374484,F,-0.157599116,1,0,2.467611313,5.638341036,-3.165875382,-2.051734485,-0.179884759,2,-1.797548294,-3.291666667,1,1.583624933
223,Southern Media & Opinion Research,310,7,no,no,0.526609168,B/C,0.093067367,1,0.285714286,6.942311151,5.298149337,1.649016154,0.34526158,0.064798424,7,0.495885304,0.460476067,,0
224,Edgewater Research/My People Vote,530,2,no,no,0.528029147,B/C,-0.062298916,1,0,1.700000763,5.328922781,-3.624067678,-1.380189154,-0.129262428,2,-0.66519165,0.683332443,1.233334859,1.027081013
225,The Polling Company Inc./National Research Inc.,644,1,no,no,0.529279498,B/C,-0.11230747,0,0,2.625537872,5.513608298,-2.883216085,-3.702385582,-0.158369667,1,-2.625537872,1.80611123,3.550001144,0.830740577
226,Dixie Strategies,81,11,no,no,0.52985649,B/C,-1.115235574,0.954545455,0.545454545,6.573435003,5.957171312,0.621118032,0.657782143,0.214972974,8,-4.019611359,-3.992251247,7.151050894,0
227,Personal Marketing Research,252,3,no,no,0.530341,B/C,,0.666666667,0.333333333,5.411446253,9.377282965,-3.960982371,-3.530717722,-0.149800173,0,,,6.100505063,0.027413448
228,Ethridge & Associates LLC,89,6,no,no,0.530874437,B/C,-0.055599642,0.833333333,0,2.664740245,4.986685219,-2.317090634,-1.873225925,-0.146144797,6,-0.712654114,-3.704166667,1.945446689,1.274145774
229,Bendixen & Amandi International,29,2,no,no,0.531584223,B/C,0.121030821,1,0,3.005687714,4.984013891,-1.973471837,-0.617417968,-0.0473798,2,1.57718277,3.181666629,,0
230,Forward Strategies,102,2,no,no,0.532578228,B/C,0.066486101,1,0,1.302843094,4.886251783,-3.578554348,-2.347493427,-0.119796226,2,1.302843094,3.616071429,4,0.90657192
231,CSP Polling,39,1,no,yes,0.53481046,F,0.109746458,1,0,2.565666199,5.441342618,-2.870822079,-2.766629486,-0.118342669,1,2.565666199,-2.554444631,4.166666667,0.895932999
232,Market Decisions Research,184,4,no,no,0.536601654,B/C,-0.069105824,1,0.25,4.664346695,5.005561781,-0.336360746,-1.297582604,-0.094247455,4,-0.951436996,-0.4,5.5,0.65465559
233,Targeted Persuasion,579,1,no,no,0.538064828,B/C,,1,0,0.947402954,9.672130421,-8.719873127,-10.15794896,-0.405304729,0,,,,0
234,University of Houston,351,1,no,no,0.538064828,B/C,,1,0,2.005395889,9.5463413,-7.53609107,-8.85891995,-0.353473143,0,,,,0
235,Singularis Group,306,1,no,no,0.538064828,B/C,-0.031860659,1,0,0.79850769,5.294739482,-4.491377451,-4.471793065,-0.178425673,1,-0.79850769,2,,0
236,Change Research,48,109,yes,no,0.542956926,B-,2.876622665,0.747706422,0.348623853,6.361464404,5.119239182,1.247079563,0.508987179,0.432229907,101,3.433526256,0.884323665,4.255862839,0.204265501
237,Valley Research,368,8,no,no,0.543939612,B/C,0.414341888,0.875,0.125,5.055089474,4.95613855,0.103805264,-0.103448732,-0.012008368,8,3.569439411,3.237499714,2,0.159620965
238,University of Wisconsin-Milwaukee,366,3,no,no,0.547211429,B/C,-0.060070777,1,0,1.627614339,6.212541548,-4.580072868,-4.605856013,-0.169989502,3,-1.627614339,3.361111111,,0
239,Tufts University,666,1,no,no,0.547564233,B/C,0.134053883,1,0,2.547023773,3.799137245,-1.247259131,-1.337384829,-0.070388675,1,2.547023773,-1.293440993,3.034583251,0.257105248
240,Mercyhurst University,422,1,no,no,0.553966695,B/C,-0.025604586,1,0,0.737953186,6.010215435,-5.267407909,-6.730360837,-0.233521729,1,-0.737953186,,,0
241,Odney,524,1,no,no,0.553966695,B/C,0.071460024,1,0,2.059558868,6.07371791,-4.009304701,-5.155234785,-0.178869955,1,2.059558868,-8,8,0
242,Diamond State Consulting Group,78,1,no,no,0.553966695,B/C,0.131179793,1,0,3.780750275,5.635256579,-1.849651963,-2.870160877,-0.099585289,1,3.780750275,-5.400001526,5.400001526,0.419497519
243,University of Tennessee,362,2,no,no,0.557249303,B/C,-0.091661964,1,0,2.726200104,4.856763059,-2.125708615,-3.986092255,-0.134022827,2,-2.726200104,-5.43999939,,0
244,Jim Meader (KELOLAND-TV),159,4,no,no,0.558716322,B/C,0.25201433,1,0.25,4.569961548,5.40026697,-0.825451081,-0.780651571,-0.04304968,4,4.569961548,4.379166603,,0
245,Overtime Politics,247,12,no,yes,0.560657582,F,,0.666666667,0.416666667,9.819032033,8.800231915,1.023654459,0.757455355,0.25204755,0,,,6.634753052,0
246,Reconnect Research/Probolsky Research,651,2,no,no,0.561285718,B/C,-0.165237808,0.5,0,1.652378082,5.308732092,-3.651499669,-1.945614551,-0.194561455,2,-1.652378082,-1.21562469,2.200000763,2.014471736
247,KG Polling,502,2,no,yes,0.562958096,F,0.190259152,1,0,2.170063019,5.563354061,-3.388436701,-1.6257435,-0.14253622,2,2.170063019,0.5,1,1.57490031
248,DHM Research,76,14,no,no,0.564243808,B/C,-0.077833884,0.857142857,0.071428571,4.376786096,5.490767137,-1.109126701,0.186124912,0.054139259,12,-0.319573402,0.332575691,4.497297898,0.540675668
249,Richmond Times-Dispatch,288,4,no,no,0.565123764,B/C,0.160821386,1,0,3.319163322,4.581592794,-1.257575131,-0.831442545,-0.045817531,4,2.91839695,2.411111111,4.964109124,0.165740453
250,Manhattanville College,181,3,no,no,0.566397525,B/C,-0.171580958,1,0.333333333,6.246330261,6.767597272,-0.516412671,-1.659693475,-0.057205063,2,-8.190769196,0.153535332,7.177654339,0
251,War Room Logistics,374,1,no,no,0.567859885,B/C,,1,1,4.470468521,7.490421218,-3.015098356,-2.561214518,-0.077222055,0,,,11.55555556,0
252,IMGE Insights,145,2,no,no,0.569244619,B/C,-0.526423686,1,0.5,6.416610718,5.0284671,1.392997958,-0.050222928,-0.004120328,2,-6.416610718,-0.539500046,6.87774986,0
253,Franklin Pierce University,107,17,no,no,0.572947558,B/C,0.744335332,0.852941176,0.470588235,6.72792143,5.895960444,0.836815326,0.55205881,0.115343462,12,4.465128263,5.213579086,5.853875598,0.087289336
254,Alaska Survey Research,155,9,no,no,0.574097642,B/C,1.864177303,0.444444444,0.444444444,7.410337236,5.666928752,1.748262824,0.717027681,0.18170914,9,7.356078678,3.512023232,11.2264542,0
255,Crantford Research,62,1,no,no,0.579982074,B/C,0.064489821,1,0,2.46295929,5.432348999,-2.964535369,-3.657323994,-0.095762919,1,2.46295929,9,,0
256,Lincoln Institute,170,2,no,no,0.582480455,B/C,-0.104801634,0.75,0,4.131523132,5.241303961,-1.104926488,-2.900882954,-0.073584793,2,-4.131523132,2.731892899,,0
257,Belden Russonello,28,3,no,no,0.58541526,B/C,0.061229884,1,0.333333333,4.136116028,5.484229199,-1.34325883,-0.447722373,-0.022207063,3,1.234471639,2.103030234,,0
258,PSB Research,250,19,no,no,0.586578499,B/C,2.312793349,0.631578947,0.421052632,7.750792453,6.179024697,1.576622096,0.819913779,0.272840017,19,6.950194309,1.048611153,5.391713725,0.015446664
259,Rivercity Polling,291,1,no,no,0.586709562,B/C,-0.174700344,1,0,6.672058105,6.567956656,0.10895579,-1.743067534,-0.045640265,1,-6.672058105,-11.25000095,,0
260,JMC Analytics/Bold Blue Campaigns,503,5,no,no,0.587441611,B/C,-1.070948915,0.8,0.2,6.714662933,5.744101656,0.975415618,0.681429584,0.132000369,5,-5.528592682,-6.84166654,26,0
261,AYTM,635,4,no,no,0.587442861,B/C,0.659314762,0.75,0,3.626231194,4.288456422,-0.657370888,-0.621834409,-0.113060802,4,3.626231194,0.226991945,3.051699941,1.278770145
262,Sacred Heart University,453,2,no,no,0.590285521,B/C,-0.029616198,0.5,0,5.240124702,4.791280421,0.453698622,0.316914832,0.029893107,2,-0.313979149,-4.999999364,6.400001526,0
263,Florida International University/Univision,98,1,no,no,0.590546809,B/C,0.040943561,1,0,1.801551819,6.275675394,-4.469269234,-6.748338224,-0.153368332,1,1.801551819,-13,,0
264,New Mexico State University,230,1,no,no,0.590546809,B/C,,0,0,7.145587921,8.887578429,-1.737136167,-3.246362521,-0.073779527,0,,,,0
265,Google Surveys,122,24,yes,no,0.591054099,B-,-0.132022519,0.875,0.375,5.3954374,4.042196857,1.358094883,1.673735556,0.788098135,24,-0.280384858,-0.753401077,3.62281115,0
266,"Drake Research & Strategy, Inc.",329,8,no,no,0.593034717,B/C,-0.008424341,0.375,0.25,6.76346159,5.462638529,1.305677402,0.303034408,0.030269556,8,-0.084337711,3.447916667,6.077265755,0.082563133
267,Myers Research & Strategic Services,319,2,no,no,0.593176247,B/C,0.140195842,0.5,0,4.186407089,5.420198472,-1.228937042,-0.939433162,-0.031460061,2,4.186407089,3.4,,0
268,Aspen Media & Market Research,17,3,no,no,0.594756119,B/C,-0.006302048,1,0.666666667,7.454544067,5.585990838,1.87340757,-0.090502932,-0.005150238,3,-0.110743205,,,0
269,Strategy Research,322,2,no,no,0.596418528,B/C,-0.502543845,0,1,6.125537872,4.795572997,1.334819216,0.281001524,0.023053581,2,-6.125537872,-1.999411639,3.183333715,0
270,Thirty-Ninth Street Strategies,460,1,no,no,0.597405961,B/C,-0.093048817,0,0,2.029548645,6.352832115,-4.31842913,-2.889176387,-0.132460212,1,-2.029548645,-2.366666158,3,2.579896826
271,LŽger,572,3,no,no,0.598643275,B/C,0.55433673,1,0,3.880357107,4.067416441,-0.182204994,-0.208778751,-0.029825536,3,3.880357107,0.05542111,2.481682882,0.835281677
272,Jorge Ben’tez,600,4,no,no,0.60238119,B/C,,0.5,0,5.131099701,5.297056209,-0.161102167,0.739096543,0.13438119,0,,,9.25,0
273,Morningside College,536,1,no,no,0.603416219,B/C,,0,0,6.407428741,9.729677981,-3.317394899,-1.103253928,-0.058065996,0,,,3.699999809,1.084162087
274,Strategic Research Associates,462,5,no,no,0.603664164,B/C,0.374789416,0.8,0.2,5.041973877,5.698348744,-0.651520526,0.406173533,0.078680259,5,1.934786987,0.051638156,3.249998093,0.359002238
275,Pasquines,552,1,no,no,0.605038867,B/C,,1,0,10.38766098,9.457199369,0.935315951,-0.321463295,-0.012826467,0,,,,0
276,Rhode Island College,285,5,no,no,0.605265157,B/C,-0.130959943,1,0.2,6.078450394,5.643182177,0.440122557,-0.120733852,-0.013239873,4,-1.535097599,-0.766666667,3.899063505,0.677609088
277,Benenson Strategy Group,30,11,no,no,0.605386233,B/C,1.073700341,0.681818182,0.272727273,6.616428722,5.982649615,0.638633448,0.805080135,0.175229087,11,4.933055531,6.076555564,9.891467459,0
278,Canisius College,43,1,no,no,0.607746197,B/C,,1,0,0.053726196,9.408736251,-9.350155714,-7.814129175,-0.133611901,0,,,,0
279,Central Surveys Inc.,46,1,no,no,0.607746197,B/C,0.028512627,0,0,1.667526245,4.926187361,-3.253806775,-2.185356381,-0.037366879,1,1.667526245,2.25263174,,0
280,Clarus Research Group,53,3,no,no,0.607940232,B/C,0.304195114,1,0.333333333,6.774649302,5.256346821,1.523156821,0.361930254,0.027147135,3,4.055581411,2.230769231,,0
281,ASA Marketing Group,5,1,no,no,0.609291217,B/C,0.109183464,1,0,5.537536621,5.337060582,0.20533038,-1.515833976,-0.029887659,1,5.537536621,,,0
282,Big Ten,31,10,no,no,0.609635179,B/C,0.801719928,1,0.2,4.693703461,4.686770197,0.011787604,0.789062129,0.148877237,10,4.249184418,5.247590615,5.429372336,0
283,Frank N. Magid Associates Inc.,105,5,no,no,0.609697137,B/C,0.442416274,0.8,0.4,6.323271942,5.399626511,0.928499772,0.127010368,0.008886452,5,6.323271942,-0.04,5.126399402,0.210031713
284,Purple Strategies,265,4,no,no,0.61055767,B/C,-0.333536261,0.875,0,3.015741348,4.333702658,-1.313106969,-0.685928233,-0.075862586,4,-3.015741348,-0.151845748,2.24081628,1.294884552
285,Triumph Campaigns,339,1,no,no,0.611327152,B/C,-0.157366736,1,0,4.229019165,5.054368836,-0.820495331,-0.252017279,-0.009377857,1,-4.229019165,-5,,0
286,BIGresearch,19,1,no,no,0.611345728,B/C,-0.030082992,1,0,1.889528275,4.344390565,-2.45000795,-3.720704481,-0.059236966,1,-1.889528275,-7.5,6.4,0
287,University of Texas at Tyler,458,5,no,no,0.614620767,B/C,0.088754364,0.6,0.6,6.617877197,5.799107866,0.823623672,0.838764221,0.175212745,4,0.521019936,-0.054417755,4.951616544,0
288,Cooper & Secrest,60,1,no,no,0.614701043,B/C,-0.039134577,0,0,2.640132904,6.184046929,-3.539059685,-4.960907426,-0.073535318,1,-2.640132904,,,0
289,OurProgress (The Progress Campaign),561,1,no,yes,0.616165494,F,,1,1,9.39239502,8.365918203,1.031331157,0.22314439,0.011744442,0,,,,0
290,Meeting Street Insights,204,4,no,no,0.618090971,B/C,0.71257853,0.5,0,4.057546139,5.064239196,-1.001838717,-0.447809474,-0.078643447,4,4.057546139,1.280954818,2.589868277,1.265172168
291,Analytical Group,11,1,no,no,0.61845525,B/C,0.059826293,1,0,4.036056519,5.176661107,-1.135750247,-1.746730231,-0.025891707,1,4.036056519,-1.333333333,6.666666667,0
292,The Polling Company Inc.,337,7,no,no,0.620072478,B/C,-1.067938553,0.714285714,0.571428571,6.255960192,5.308021554,0.952792979,0.875048381,0.193082073,7,-4.839899881,-3.324883065,6.250531053,0
293,Dynamics Marketing,83,1,no,no,0.620742315,B/C,0.03877656,1,0,3.018547058,6.154617548,-3.131216149,-4.65763166,-0.059832407,1,3.018547058,-7.5,,0
294,Vox Populi Communications,529,1,no,no,0.620742315,B/C,,1,0,3.522224426,7.922152821,-4.395074054,-3.978707102,-0.051110873,0,,,6,0
295,Diversified Research Inc,80,1,no,no,0.620742315,B/C,-0.064152785,1,0,4.99394989,6.554124574,-1.555320343,-2.783166076,-0.035752832,1,-4.99394989,,,0
296,Gotham Research Group,576,1,no,no,0.622881848,B/C,-0.173444973,1,0,5.752628326,5.804164914,-0.046682247,-1.563056099,-0.047127019,1,-5.752628326,1.770000076,4,1.387962869
297,Probolsky Research,259,3,no,no,0.623298173,B/C,-0.690098765,0.666666667,0.333333333,6.959641774,5.24321217,1.721283945,0.745941949,0.088297763,2,-9.125648499,-5.579999924,6.167808482,0
298,Centre College,47,1,no,no,0.629096495,B/C,0.153755333,1,0,3.853492737,4.892529149,-1.034182071,-0.070056662,-0.002795279,1,3.853492737,2.327529164,4.75,0.351537622
299,Market Trends Pacific,190,1,no,no,0.62921343,B/C,0.067351314,0.5,0,4.543716431,5.457385417,-0.908814646,-1.020951955,-0.015133527,1,4.543716431,2.5,,0
300,Cromer Group,65,1,no,no,0.629643223,B/C,-0.077436041,1,0,3.927379608,6.088251772,-2.156017823,-0.483626574,-0.009535652,1,-3.927379608,-3.346666463,,0
301,Schoen Cooperman Research,301,1,no,no,0.630353747,B/C,-0.062497344,1,0,2.386863708,5.370243436,-2.978525387,-1.049814138,-0.027488204,1,-2.386863708,-2.088709677,1.944444444,0.97358099
302,Neighborhood Research and Media,227,3,no,no,0.632720712,B/C,-0.059749117,0.333333333,0.666666667,6.965807279,7.017953531,-0.047291911,0.80738511,0.088590393,1,-3.422222137,-7.229166667,8.5,0
303,NRECA Market Research,223,1,no,no,0.633055903,B/C,0.069734221,1,0,6.265480042,5.440001735,0.830332647,-1.364873156,-0.015190914,1,6.265480042,,,0
304,Dartmouth College,72,3,no,no,0.634206419,B/C,,1,0.666666667,9.298865,8.594980148,0.708739193,0.369507011,0.013883476,0,,,,0
305,West Chester University,377,7,no,no,0.637789271,B/C,0.10627164,1,0.142857143,5.193498339,5.097989502,0.100363177,-0.047486979,-0.005113626,7,0.986876896,2.293927116,3.691488637,0.897230114
306,Liberty Opinion Research,169,1,no,no,0.640510378,B/C,,1,1,6.079864502,9.008068248,-2.923349406,0.053014806,0.002115304,0,,,2.5,0.514526591
307,ALG Research,14,20,no,no,0.642751679,B/C,1.312342016,0.575,0.35,6.310317039,5.869546982,0.445624398,0.904796526,0.360188068,20,3.29661808,5.859090866,4.818246478,0.107875496
308,Wick Communications,381,1,no,no,0.645255923,B/C,0.055897903,1,0,2.835014343,5.978589863,-3.138721179,-0.885618793,-0.017461722,1,2.835014343,4,5,1.193832781
309,Zimmerman & Associates/Marketing Intelligence,394,3,no,no,0.64988858,B/C,0.193824703,1,0,4.675465902,5.549925218,-0.869604976,0.165656355,0.00993406,3,3.232142131,0.65259244,2.199998856,0.721729713
310,Rossman Group,294,1,no,no,0.650626121,B/C,0.110269254,1,0,4.211341858,5.846049887,-1.629853688,0.69799803,0.018276294,1,4.211341858,4.666666667,,0
311,Victoria Research & Consulting,369,1,no,no,0.651796499,B/C,0.137615373,0.5,0,8.048267365,6.227888794,1.825232911,0.576228232,0.009852787,1,8.048267365,17.5,,0
312,"University of Nevada, Las Vegas",356,1,no,no,0.6523054,B/C,,1,1,8.909448624,8.321813455,0.592489509,0.800794144,0.024144393,0,,,,0
313,Pacific Market Research,459,2,no,no,0.653685161,B/C,-0.655527409,1,0.5,7.47683239,5.863477842,1.618208889,0.983974041,0.086269415,2,-7.47683239,-0.922499752,,0
314,Iona College,152,1,no,no,0.65491963,B/C,0.11419308,1,0,4.361198425,5.77343007,-1.407377305,-1.398690645,-0.036623143,1,4.361198425,-1.666666667,1.5,2.260663973
315,QEV Analytics,266,1,no,no,0.655862317,B/C,,0,0,6.367771149,5.673281247,0.699344242,-1.019376106,-0.024868413,0,,,3,1.905769189
316,West Virginia Research Center,378,2,no,no,0.657586085,B/C,0.163524781,0.5,0.5,6.446525574,5.210471722,1.240908192,0.944375241,0.023955347,2,6.446525574,3.8,5.333333333,0.016462645
317,CallFire,42,4,no,no,0.659066881,B/C,-0.434917242,0.75,0,3.93239975,4.244107616,-0.306853526,0.065510016,0.007245305,4,-3.93239975,-0.465113685,2.493135084,0.982052988
318,Becker Institute,26,5,no,no,0.663198355,B/C,0.352910526,0.8,0.4,7.657408905,6.297131804,1.365131442,1.103470094,0.074347638,5,5.237909698,0.069583352,9.221825407,0
319,Hill Research Consultants,140,5,no,no,0.663581858,B/C,-0.276909304,0.6,0.2,5.268373871,5.34671699,-0.073488779,-0.193617021,-0.014439722,5,-3.712976837,-2.778571429,2.694136288,1.297644866
320,TargetSmart/William & Mary,332,3,no,no,0.664161703,B/C,0.591019954,0.666666667,0.333333333,5.331492106,4.375202645,0.961143802,0.890358181,0.098700221,3,5.331492106,1.663733114,4.07396402,0.203183842
321,Rice University,286,2,no,no,0.668694653,B/C,0.172669142,1,0,5.91071701,5.082745594,0.832825757,0.057663658,0.001684522,2,5.91071701,-0.363636364,2.392080819,1.295967001
322,Independent Market Research,148,2,no,no,0.669578039,B/C,0.116747302,1,0.5,5.758111954,5.211989089,0.550977205,1.26591612,0.027868884,2,5.303129196,4.178571429,5.5,0.225156689
323,MarblePort,182,2,no,no,0.670489102,B/C,-0.398926025,1,1,5.559762955,4.593370166,0.971247129,1.202184794,0.086259577,2,-5.559762955,-3.433333333,6.063945295,0
324,University of Maryland,575,1,no,no,0.671294742,B/C,0.113598031,0,1,6.643642426,5.754330458,0.894166308,1.716559233,0.02935103,1,6.643642426,2.28,,0
325,TMR Research,328,2,no,no,0.671659373,B/C,0.173291474,0,0.5,7.871591568,5.559130743,2.317315166,1.585615342,0.034906997,2,7.871591568,6.666666667,,0
326,University of Georgia Survey Research Center,674,1,no,no,0.675615465,B/C,-0.108850112,1,1,9.779964447,5.680793417,4.10402537,2.459018207,0.027368648,1,-9.779964447,-0.75,,0
327,CrossTarget,66,2,no,no,0.676296024,B/C,-0.394771014,1,0.5,7.735822678,4.742460412,2.998216606,1.375332333,0.070185339,2,-7.735822678,-13.36923262,15.77645217,0
328,The Florida Poll,99,5,no,no,0.677183217,B/C,0.269314973,0.6,0,4.613794708,4.764556613,-0.145907564,0.702658396,0.061577442,5,3.073145294,0.52358942,3.565714182,0.549418787
329,Southeastern Louisiana University,309,8,no,no,0.677925566,B/C,0.095901751,0.875,0.375,6.572028875,5.009265785,1.567617431,1.191190193,0.157946063,8,0.723267317,1.247499969,7.084589676,0
330,R.L. Repass & Partners,268,1,no,no,0.678031647,B/C,,1,1,11.57935333,10.00894267,1.575265003,1.507918116,0.060166314,0,,,,0
331,A&A Research,2,1,no,no,0.678953346,B/C,-0.148867513,0,1,10.04303741,5.738853417,4.309038338,2.334648106,0.034606389,1,-10.04303741,,,0
332,Old Dominion University,238,1,no,no,0.681902842,B/C,0.144970282,1,0,4.481784821,5.334479422,-0.84784026,-1.050085282,-0.033966637,1,4.481784821,-0.807142803,0,2.783215958
333,Public Strategies Inc.,264,6,no,no,0.682334156,B/C,,1,0.333333333,7.979216894,8.29948396,-0.315412726,1.238398803,0.151638014,0,,,7.643708774,0
334,OpinionWorks,244,6,no,no,0.684761569,B/C,-0.456181423,0.916666667,0.5,7.287042618,5.311743933,1.980153025,1.222385625,0.181915873,6,-3.065315882,3.666666667,9.5,0
335,SmithJohnson Research,367,1,no,no,0.68663457,B/C,-0.193478539,1,0,8.513221741,6.137363484,2.380712598,2.227943914,0.050634101,1,-8.513221741,-15,,0
336,Harper Polling/Clarity Campaign Labs,513,1,no,no,0.686725671,B/C,0.343328098,0,0,6.988388062,5.954941091,1.038301311,1.599996731,0.078605228,1,6.988388062,4.75,,0
337,Feldman Group,93,2,no,no,0.686917662,B/C,0.20535218,0.5,0.5,6.676515579,5.430618724,1.250751196,-0.391294377,-0.019465448,2,4.127988815,0.688889398,1.456275362,1.988393116
338,Capital Survey Research Center,44,13,no,no,0.69052397,B/C,0.029648435,0.346153846,0.615384615,9.670362179,7.339496703,2.335719817,1.182406141,0.28552196,4,0.584562302,0.708333333,9.083471842,0
339,Illinois Wesleyan University,147,3,no,no,0.691146982,B/C,-0.3299534,1,0.333333333,8.178092957,5.624068504,2.558878793,1.578918474,0.063703057,3,-8.178092957,-5.873611132,5,0.249078153
340,Tulsa Surveys,341,1,no,no,0.696891443,B/C,-0.132413919,1,1,11.89712524,5.161915586,6.740063999,4.370622264,0.048644627,1,-11.89712524,,,0
341,TeleResearch Corporation,335,1,no,no,0.699537008,B/C,,1,1,8.888496399,8.69495131,0.19839943,2.795662266,0.06353654,0,,,11.25,0
342,Decision Forecasting,77,3,no,no,0.701551925,B/C,-0.053159481,1,0.666666667,8.093864441,4.721564514,3.377154267,1.662619023,0.062469536,3,-1.414833069,0.649833361,3.547525734,0.49928035
343,SoonerPoll.com,308,25,yes,no,0.701839801,C+,2.734870708,0.8,0.48,8.682242699,5.727292814,2.959804225,1.686369227,0.856768981,21,5.993773687,2.883332825,5.855930044,0.097862903
344,Southern Research Group,649,1,no,no,0.702438936,B/C,0.123812599,0,1,7.776733398,4.689560277,3.092027462,3.721611502,0.059251406,1,7.776733398,5.5,5.5,0
345,Great Lakes Strategies Group,125,1,no,no,0.705110307,B/C,-0.1972988,0,1,7.535125732,5.334399958,2.205580115,2.778827681,0.07276048,1,-7.535125732,-10,10,0
346,Hoffman Research Group,141,2,no,no,0.707737912,B/C,-0.400982744,1,0,5.245321274,4.714887432,0.535288183,-0.508776158,-0.038893797,2,-5.245321274,-1.26250124,2.060718206,2.189243642
347,University of Wisconsin (Badger Poll),365,8,yes,no,0.707824547,B/C,0.695098857,0.875,0.375,12.78543091,5.856165956,6.934119293,5.107604204,0.657289474,7,6.007245745,7.213419866,3.760023129,0.924107412
348,"California State University, Bakersfield",41,1,no,no,0.71044497,B/C,-0.126579012,0,1,9.853496552,6.104626058,3.753724834,4.982870103,0.064010452,1,-9.853496552,-14,,0
349,Minnesota State University Moorhead,211,4,no,no,0.710896955,B/C,0.464166624,1,0.75,9.203699112,5.200479311,4.008074141,1.838334314,0.119598,4,7.134679794,,,0
350,Multi-Quest International,220,4,no,no,0.711034463,B/C,-0.004522787,0.75,0.25,5.391483307,5.36095673,0.035380918,0.949338498,0.105297744,3,-0.045739492,0.551851767,3.213384057,0.566775637
351,Constituent Dynamics,58,7,no,no,0.711420477,B/C,,0.857142857,0.714285714,9.457359859,8.460331651,1.001882549,1.423295423,0.199257939,0,,,10.87636665,0
352,University of North Carolina,359,2,no,no,0.713461415,B/C,0.216546138,0.5,0.5,6.856529236,5.624614373,1.236769204,1.263700604,0.039910788,2,6.856529236,-0.287500381,1,1.485055311
353,Global Strategy Group/GBAO (Navigator Research),413,2,no,no,0.714329908,B/C,0.523821068,1,0,5.238210678,5.089631172,0.153433847,0.397494907,0.039749491,2,5.238210678,1.010704781,1.55729229,1.201804173
354,Detroit Free Press,663,1,no,no,0.714608601,B/C,0.133131692,1,1,8.981452942,5.342821221,3.643486061,2.739229905,0.040603487,1,8.981452942,2,2,2.000825919
355,Sky Research,665,1,no,no,0.715021332,B/C,-0.373235272,0,1,8.725540161,5.459213122,3.27118138,2.342295474,0.100191767,1,-8.725540161,-4.632780075,,0
356,Southern Opinion Research,311,2,no,no,0.718983382,B/C,0.019337016,1,0.5,8.5,5.373668926,3.131185414,3.042806656,0.066986764,2,0.878364563,4.166666667,3.5,0.69245437
357,American Research Group,9,277,yes,no,0.724170959,C+,0.076473418,0.750902527,0.400722022,7.530794867,7.004901459,0.530747748,0.866360754,0.770297569,86,0.113563626,-1.142137649,6.882220459,0
358,Opinion Consultants,241,2,no,no,0.727485488,B/C,-0.256030492,1,0.5,6.620656967,5.238506865,1.387004443,1.015196302,0.039259126,2,-6.620656967,-5.44166673,2.242640687,1.785901565
359,Arthur J. Finkelstein & Associates,16,1,no,no,0.731174468,B/C,-0.20259276,0,1,13.66749954,6.614494544,7.057859339,5.857637553,0.08682751,1,-13.66749954,,,0
360,Zata3,392,2,no,no,0.731422832,B/C,-0.201282166,1,0.5,10.17128181,6.041665246,4.134470909,2.455581887,0.125312147,2,-3.94426918,0,,0
361,GaPundit.com,111,2,no,no,0.732371557,B/C,0.55371975,0.25,1,8.256275177,5.356511452,2.904618065,2.135100918,0.143193816,2,8.256275177,3.027981217,,0
362,Baselice & Associates,23,2,no,no,0.732814604,B/C,0.304044432,1,0.5,10.02863216,5.737115298,4.296371206,3.331487308,0.101002824,2,10.02863216,8.75,4,0.126236931
363,MarketAide Services Inc.,191,1,no,no,0.734761771,B/C,0.166293806,1,1,11.21866608,5.9304748,5.293045617,6.099647514,0.090414813,1,11.21866608,9.5,,0
364,Redfield & Wilton Strategies,562,9,yes,no,0.734937259,B/C,2.202347367,0.777777778,0.666666667,6.607042101,3.460981436,3.150915005,2.640811777,0.880270592,9,6.607042101,2.529307956,2.997833313,0
365,Bannon Communications Research,21,2,no,no,0.735936273,B/C,0.327620069,1,0.5,10.37347794,6.048284898,4.330047379,3.46038035,0.109287363,2,10.37347794,8.333333333,21,0
366,Howey Politics/DePauw University,142,7,no,no,0.737021171,B/C,0.084007726,0.571428571,0.285714286,6.740425655,5.607273313,1.138006682,1.537890851,0.245802871,6,0.578418096,1.297258237,7.196152423,0
367,High Point University,139,3,yes,no,0.739942627,B/C,0.004599124,0.666666667,0.333333333,11.54118601,5.850491843,5.695548512,7.077572622,0.802580146,2,0.097974777,1.810572346,6.039410563,0
368,Forman Center,100,2,no,no,0.740228974,B/C,0.24226986,1,0.5,11.00486565,5.479212991,5.530506996,4.700320768,0.103476598,2,11.00486565,17.14285714,21,0
369,Kimball Political Consulting,163,6,no,no,0.740859909,B/C,-0.988388443,0.833333333,0.5,6.28728358,4.647312677,1.644825243,1.570361717,0.246867722,6,-6.28728358,-2.414999644,6.366648668,0
370,New Frontier Strategy,229,2,no,no,0.741587511,B/C,,0.5,1,14.05421734,8.091564779,5.9675069,2.449795285,0.143401762,0,,,10.18888919,0
371,SMS Research & Marketing Services,296,1,no,no,0.742124091,B/C,-0.166626657,0,1,9.74495697,4.610530379,5.139280932,2.978766843,0.050933212,1,-9.74495697,-1,1,2.880160549
372,HighGround Inc.,416,2,no,no,0.743089253,B/C,-0.389438797,0.5,0,4.441871643,5.640017799,-1.193291815,0.061345387,0.005378425,2,-4.441871643,-3.016805861,2.638004969,1.942356279
373,Abacus Associates,6,2,no,no,0.747966708,B/C,0.165755017,0.5,0.5,8.05563736,6.176356982,1.884134718,2.977452513,0.136311823,2,3.620578766,6.5,,0
374,Lester & Associates,293,1,no,no,0.757813807,B/C,,1,1,18.92186546,7.939957169,10.98676263,4.032942337,0.091655993,0,,,1.850000381,1.326949112
375,PSI,248,3,no,no,0.76145912,B/C,-0.042584807,0.666666667,0.666666667,11.68826612,8.402766326,3.290354133,2.95961545,0.111201544,1,-3.314998627,-4,2,0.796706568
376,Long Island University,633,1,no,no,0.765043656,B/C,0.344580199,1,1,6.547023773,3.423618362,3.128259752,2.976890595,0.156678452,1,6.547023773,2.74956976,2.73148134,0.074938867
377,Montana State University Billings,216,11,no,no,0.765127034,B/C,1.988396541,0.590909091,0.363636364,6.641133395,5.620000996,1.02598674,0.826402899,0.263557415,11,6.234757857,2.436363636,2.75,0.559230345
378,Dynata,283,2,no,no,0.765926638,B/C,,1,1,9.368056297,8.563656556,0.809254082,0.83769953,0.064283902,0,,,1,1.598656869
379,Gazette Communications,640,2,no,no,0.766558316,B/C,0.235580405,1,0.5,8.064261436,4.62637812,3.442737657,3.3113818,0.096735041,2,8.064261436,4.749999428,3.149998665,1.392265043
380,SocialSphere,307,2,no,no,0.766848817,B/C,-0.411726046,1,0,6.139068604,5.423947502,0.719975443,2.649176394,0.177671076,2,-6.139068604,-6.424999873,6.522497216,0
381,Jeffrey Stonecash,158,1,no,no,0.76958542,B/C,-0.225363511,1,1,11.42992401,5.395863045,6.038915307,6.613922889,0.130406544,1,-11.42992401,-16.66666667,22,0
382,Consumer Logic,59,2,no,no,0.772407612,B/C,0.307379871,0.5,0.5,10.20969963,5.53153725,4.683016721,4.202129055,0.126512036,2,10.20969963,10.05555556,4.299999237,0.587518016
383,20/20 Insight,1,8,no,no,0.772671009,B/C,0.519450118,0.625,0.25,10.15272641,6.185246429,3.972334324,1.549644685,0.353695757,5,2.937575531,3.179270583,6.887526543,0
384,Y2 Analytics,389,8,no,no,0.774314358,B/C,1.34958787,1,0.5,8.045513153,5.202396965,2.847970528,1.107633917,0.31449853,7,5.088503156,-2.625750897,4.44697822,0.350970382
385,Zia Poll,393,4,no,no,0.778639135,B/C,-0.830367874,0.75,0.5,5.355730057,3.573749436,1.786834961,1.821202031,0.282364429,4,-5.355730057,-5.332124996,5.859122918,0
386,Cherry Communications,49,5,no,no,0.780107662,B/C,-0.469948129,0.5,0.2,7.576317215,6.238062246,1.343109309,1.795094736,0.291714475,4,-3.253465652,-3.928865095,11.69348712,0
387,Glover Park Group,120,1,no,no,0.780278201,B/C,-0.342597117,0,1,11.36287689,6.520752892,4.846978341,5.045252472,0.152117194,1,-11.36287689,-7.25,,0
388,Baydoun Consulting,25,6,no,no,0.781192571,B/C,-0.969436737,0.833333333,0.666666667,6.843583425,5.37689725,1.471540516,1.826923684,0.287200384,4,-8.765375137,-6.805556222,8.004608246,0
389,Neighbor,226,1,no,no,0.784597615,B/C,-0.19026729,1,1,17.09513474,5.335849967,11.76413911,12.25084606,0.136350799,1,-17.09513474,-14,13,0
390,VCreek/AMG,501,1,no,no,0.784729406,B/C,0.41405989,1,1,7.867137909,4.713283131,3.158709118,0.879435896,0.0462861,1,7.867137909,0.730000305,0.430000305,2.546422823
391,Clout Research/Wenzel Strategies,55,16,no,no,0.785286862,B/C,-1.903883602,0.5625,0.4375,6.754145026,5.165877909,1.593121457,1.407843462,0.50131467,15,-5.697357814,-4.606280112,5.237259414,0
392,Hofstra University,558,2,no,no,0.788386023,B/C,0.643821144,1,1,6.438211441,4.440758582,2.0023072,2.199582256,0.219958226,2,6.438211441,2.236750953,2.528308264,0.140277971
393,Cometrends,631,1,no,no,0.788428123,B/C,0.397211778,1,1,7.547023773,3.875089707,3.676788407,3.496134331,0.18400707,1,7.547023773,3.760322448,3.353124857,0
394,Rainmaker Media Group,276,1,no,no,0.792730736,B/C,0.275462587,1,1,12.12059021,4.909713012,7.215731539,6.896266293,0.156730268,1,12.12059021,7.75,,0
395,Datamar Analytics,75,8,no,no,0.795611689,B/C,-0.271333666,0.6875,0.375,6.291676283,5.734910244,0.561620379,1.943263857,0.297013445,5,-2.778728485,-3.300689658,5.841690339,0
396,Open Model Project,629,2,no,no,0.797794411,B/C,-0.565237808,0,1,5.652378082,4.889192054,0.768040368,2.43394411,0.243394411,2,-5.652378082,-5.46562469,5.266666412,0
397,Lauer Johnson Research,167,1,no,no,0.800564794,B/C,0.272324604,0,1,13.81168365,6.004192203,7.812345792,8.185126212,0.161385918,1,13.81168365,17,,0
398,Lycoming College,176,3,no,no,0.801299969,B/C,0.483332869,0.666666667,0.333333333,7.268063863,6.083428579,1.189489625,2.02621716,0.134745287,3,7.268063863,5.666666667,4.962127475,1.154565287
399,Beacon Research,545,3,no,no,0.80246841,B/C,,1,0.666666667,7.971240362,6.546103251,1.429991451,2.053278869,0.293325553,0,,,,0
400,University of Alabama at Birmingham,344,2,no,no,0.810414171,B/C,-0.350882286,1,1,12.0112133,4.940563882,7.075503761,6.204896839,0.181262986,2,-12.0112133,-6,6.267949192,0
401,Saguaro Strategies,298,2,no,no,0.810621867,B/C,0.387185398,0,1,5.045509338,3.754951426,1.295412252,2.125802552,0.163131144,2,5.045509338,3.966666667,2.444444444,0.892988505
402,Ed Renwick/Loyola University New Orleans,85,10,no,no,0.81098827,B/C,0.895712997,0.8,0.4,7.855332947,5.139821583,2.720365705,1.996120398,0.320587413,9,6.175258213,4.339629642,6.051410744,0
403,WPA Intelligence (WPAi),383,17,no,no,0.813663785,B/C,-0.678769965,0.676470588,0.470588235,7.492368025,5.985615077,1.511607288,1.466481683,0.548977301,15,-2.079267375,-4.819983496,10.07049881,0
404,University of Colorado,580,2,no,no,0.814435796,B/C,0.515277856,1,0.5,6.71471405,4.882611392,1.836956999,3.068491313,0.235471773,2,6.71471405,7.307555601,,0
405,Patinkin Research Strategies,490,2,no,no,0.817096398,B/C,0.567130089,1,0,5.671300888,4.762511795,0.913643433,1.898537937,0.189853794,2,5.671300888,2.519230872,3.381250381,0.728426045
406,Slingshot Strategies,451,1,no,no,0.819080017,B/C,0.425725873,1,1,9.285785675,5.135433606,4.15520641,4.525798368,0.207494501,1,9.285785675,9,9,0
407,Baldwin Wallace University,401,2,no,no,0.820250619,B/C,0.72805717,0.5,0.5,8.304094315,5.071536737,3.237411918,2.883790877,0.252834872,2,8.304094315,3.546666781,,0
408,Univision/Latino Decisions/North Star Opinion Research,516,7,no,no,0.828266065,B/C,1.323086739,0.714285714,0.285714286,6.070222582,5.230565677,0.844511245,0.783179693,0.219290314,6,5.292346954,1.311874487,2.874891363,0.873770538
409,RMS Research,273,3,no,no,0.829247133,B/C,0.334572143,1,0.333333333,11.12290446,5.41821422,5.70954458,4.903184347,0.203482745,3,8.06195577,-5.8,4,0.231047901
410,Data West Polling,74,2,no,no,0.831464226,B/C,0.382568776,0.5,1,13.09588814,6.156274801,6.944467678,6.925470962,0.202313041,2,13.09588814,7.5,,0
411,Hays Research Group,136,9,no,no,0.831838008,B/C,0.977692634,0.777777778,0.444444444,8.030609767,5.194133751,2.841330357,2.008095176,0.362429181,5,10.69680023,4.125397334,7.349213551,0
412,brilliant corners Research & Strategies,564,1,no,no,0.832238817,B/C,0.64580576,0,1,12.27030945,5.883113619,6.39205017,4.328537518,0.227817764,1,12.27030945,4.292500019,,0
413,"Normington, Petts & Associates",232,12,no,no,0.834499138,B/C,0.861039255,0.583333333,0.5,7.553451538,6.110763551,1.447542327,1.618406211,0.426853957,12,3.264609019,3.57665346,3,0.099202949
414,WCIA-TV,373,2,no,no,0.837370782,B/C,-0.402067463,1,1,18.26351166,6.085304705,12.18306129,9.112890072,0.200618406,2,-18.26351166,-8.76984127,,0
415,Market Research Insight,185,19,no,no,0.838923567,B/C,-0.242058275,0.947368421,0.631578947,7.236588829,4.978781444,2.262661727,1.505234584,0.599512928,19,-0.607750842,1.038254159,7.452589716,0
416,Auburn University at Montgomery,588,2,no,no,0.849329975,B/C,0.786017609,1,0.5,7.860176086,4.428574095,3.436456332,2.037031956,0.203703196,2,7.860176086,0.244288526,2.700004578,0.912267794
417,USC Schwarzenegger Institute,648,1,no,no,0.85111973,B/C,0.412461733,1,1,7.836772919,3.395058319,4.44656894,4.687274873,0.246698678,1,7.836772919,7.859999847,7.433333079,0
418,Hickman Analytics,415,1,no,no,0.858758478,B/C,0.446499282,0,1,9.088420868,5.956972395,3.136302813,5.101696763,0.250638034,1,9.088420868,7.666666667,,0
419,GCR & Associates,110,1,no,no,0.864652545,B/C,,1,1,18.29655266,9.780529509,8.52087749,7.843686067,0.236491538,0,,,,0
420,ccAdvertising,396,33,no,no,0.86516263,C+,-2.639029472,0.848484848,0.757575758,7.363681446,5.330020139,2.038515648,1.487314888,0.707467889,33,-5.548050852,-4.3317292,7.005812303,0
421,Arizona State University,15,8,no,no,0.866433454,B/C,0.556458905,1,0.5,8.227585316,6.339161301,1.893278356,2.025491846,0.280997795,6,5.835334778,6.070740728,3.142654716,0.518524375
422,Hellenthal & Associates,137,5,no,no,0.867172504,B/C,0.37654201,0.4,0.4,8.07126236,5.937477445,2.138639255,2.545385929,0.354061338,3,4.278266907,0.605554157,14.79999924,0
423,Gonzales Research & Marketing Strategies Inc.,121,10,no,no,0.867525417,B/C,-0.636303902,0.8,0.4,6.542662811,5.828944143,0.718573009,1.736580698,0.406452355,9,-2.770167033,-2.362963217,3,0.206078288
424,J.L. Partners,619,2,no,no,0.872169617,B/C,0.754702377,1,0.5,7.547023773,4.345387894,3.20649022,3.177696166,0.317769617,2,7.547023773,3.801195518,5.355769084,0
425,The Justice Collaborative Institute,630,2,no,no,0.87432044,B/C,0.667130089,1,0.5,6.671300888,4.424407475,2.251747754,3.15667528,0.315667528,2,6.671300888,3.560256513,3.925000191,0.042529125
426,Opinium,559,2,no,no,0.878778124,B/C,0.723821068,1,1,7.238210678,4.247716871,2.995348148,3.243781239,0.324378124,2,7.238210678,3.032210157,4.192044517,0
427,Cole Hargrave Snodgrass & Associates,56,5,no,no,0.885123853,B/C,0.094581277,0.6,0.4,8.114476395,7.037999478,1.081331257,2.042515185,0.329102826,3,3.437128703,-2.175925926,3.664833298,0.410673937
428,Global Strategy Group,118,25,no,no,0.891952785,B/C,1.766649007,0.68,0.24,6.418126984,5.722952759,0.700028565,1.542128447,0.620469709,25,4.390866547,5.018593838,5.598565603,0.090371876
429,Global Marketing Research Services,621,1,no,no,0.899921489,B/C,0.502474935,1,1,9.547023773,3.866799731,5.685078383,5.614508297,0.295500437,1,9.547023773,5.781827824,5.322916508,0
430,Colby College,593,6,no,no,0.9025426,B/C,1.986114343,0.666666667,0.5,8.309026718,5.052475338,3.261405721,2.026170402,0.5065426,6,7.944457372,4.139999453,,0
431,East Tennessee State University,456,2,no,no,0.90420826,B/C,0.867704763,0.75,1,9.89689064,5.43165328,4.4700917,3.841397235,0.336792514,2,9.89689064,3.928571701,,0
432,Marketing Research Institute,192,9,no,no,0.911165561,B/C,-0.385034517,0.333333333,0.888888889,9.837779363,5.169169549,4.673464155,3.044796647,0.38452803,9,-3.048807144,-3.937036867,5.674016282,0
433,Concord Public Opinion Partners,553,1,no,no,0.912846319,B/C,,1,1,13.40760422,7.717027787,5.695430772,4.900087909,0.257899364,0,,,6,0.95999215
434,Brandwatch Qriously,610,3,no,no,0.920225674,B/C,0.93528911,1,1,6.547023773,3.475205865,3.076672248,2.877579719,0.411082817,3,6.547023773,2.809999864,2.75674357,0
435,Victory Enterprises,525,1,no,no,0.923962044,B/C,-0.522816604,0,1,17.3401947,6.20834608,11.13670296,9.810797011,0.295801037,1,-17.3401947,,,0
436,St. Cloud State University,312,16,no,no,0.940195956,B/C,1.472712293,0.75,0.375,6.441546679,5.312041367,1.134359652,1.789390161,0.683646867,15,3.870546468,3.325277775,7.670301349,0
437,Bainbridge Media Group,656,1,no,no,0.953342212,B/C,0.481260971,1,1,21.17589569,5.680453381,15.50029665,13.96330905,0.317341744,1,21.17589569,,,0
438,Rutgers University,295,16,yes,no,0.953960878,B/C,0.282058414,0.875,0.3125,6.795642376,5.144511005,1.655985712,3.130868876,1.106892537,16,0.79780817,1.493687474,6.034197046,0
439,Schapiro Group,300,2,no,no,0.962648202,B/C,,0.5,0.5,21.48976994,9.675805041,11.81881924,7.251762678,0.322294417,0,,,6.5,0.613951734
440,SSRS,297,30,yes,no,0.96588841,C,2.694829191,0.6,0.4,6.16478583,4.984997056,1.184643115,1.863049711,1.123276921,28,4.642478398,2.718055418,4.347021633,0.012929012
441,Western Kentucky University,379,4,no,no,0.974683487,B/C,0.903962732,0.75,0.75,10.91082144,5.938117374,4.977558405,2.718245995,0.381939676,3,8.363541921,-1.080555333,2,0.577340995
442,Loras College,171,18,no,no,0.982628173,B/C,1.541755723,0.722222222,0.333333333,8.122161971,6.299331037,1.827685275,1.286758283,0.537572326,14,4.378634317,-0.587407734,2.882841097,0.541499614
443,Millersville University,210,5,no,no,0.9843617,B/C,-0.627234545,0.8,0.8,14.15688896,4.994529714,9.167213588,6.420218182,0.388215544,5,-10.3730587,-6.093433317,5.85599608,0
444,DCCC Targeting and Analytics Department,68,5,no,no,0.984907966,B/C,2.043319386,0.4,0.6,9.703327179,5.952459379,3.755722141,2.59892487,0.547279657,5,9.703327179,,,0
445,Massie & Associates,199,2,no,no,0.996878329,B/C,-0.527841961,0,1,23.9766922,6.365549455,17.61599709,16.35836057,0.360125953,2,-23.9766922,,,0
446,SurveyMonkey,324,268,no,no,1.002814179,C,4.742322851,0.878731343,0.555970149,6.601033204,4.268804066,2.337083479,1.063557405,0.982757818,255,5.149043274,1.829138998,5.077808012,0
447,Hampton University,131,4,no,no,1.006372546,B/C,-0.808419935,0.5,0.5,7.510197639,4.543193627,2.971858353,3.527894687,0.494343822,4,-5.769305229,-6.759859941,5.482901717,0
448,Roanoke College,292,18,yes,no,1.009202179,B/C,0.606797511,0.805555556,0.5,7.77646976,5.66046995,2.120854151,2.673718986,1.083270906,15,1.709164937,1.265536239,4.722550611,0.24254808
449,Greg Smith & Associates,128,5,no,no,1.019313759,B/C,0.938519078,0.4,0.4,10.13129425,5.560755312,4.575393279,4.48393272,0.415372044,5,10.13129425,6.333333333,6.40062433,0.450851955
450,Marketing Resource Group (MRG),193,10,no,no,1.023836541,B/C,0.320710176,0.3,0.7,9.837563133,7.206219529,2.636197945,1.790222789,0.490598444,6,1.696808497,1.590694447,5.616928727,0.593438304
451,University of Iowa,353,3,no,no,1.039961017,B/C,-0.319347597,0.666666667,0.666666667,17.28665034,7.418992296,9.872512385,6.978442571,0.447709894,1,-6.610149384,-2.789999199,13.14096253,0
452,BWD Global,527,2,no,no,1.045711408,B/C,-0.140471149,1,0.5,13.50125408,7.134482253,6.37162617,6.392500186,0.462036946,1,-4.35376358,-5.299999237,,0
453,Citizen Data,616,12,no,no,1.070771183,B/C,2.816564369,0.583333333,0.666666667,7.041410923,4.649526208,2.396739056,2.041598892,0.816639557,12,7.041410923,2.810882241,4.093776961,0.041329065
454,DeSales University,474,1,no,no,1.072521106,B/C,0.750908701,1,1,14.26726532,6.152374147,8.119745513,8.893901012,0.468100053,1,14.26726532,10.80000305,10.80000305,0
455,Hamilton Campaigns,130,13,no,no,1.074199609,B/C,1.392617616,0.576923077,0.307692308,6.684710283,5.632225339,1.057339284,2.362834758,0.636419269,13,5.170373476,4.036442287,4.273163888,0.230964741
456,Kiaer Research,585,2,no,no,1.076595227,B/C,1.061572075,1,1,10.61572075,4.645587263,5.974987826,5.221952266,0.522195227,2,10.61572075,5.807156682,5.968028862,0
457,Craciun Research Group,61,1,no,no,1.095235298,B/C,0.747357283,0,1,18.73064041,5.116279744,13.61921501,11.9640838,0.477369965,1,18.73064041,11.25,,0
458,Bluegrass Community and Technical College,632,2,no,no,1.107975009,B/C,1.093443298,1,0.5,10.93443298,6.002379782,4.936907542,2.397572187,0.239757219,2,10.93443298,0.624998569,2.600000381,3.138177906
459,MRG Research,207,24,no,no,1.111869171,B/C,-3.083955272,0.833333333,0.583333333,8.943052133,5.406854431,3.541052042,2.142434699,0.891079962,23,-7.625354103,-3.234717324,10.26022213,0
460,RABA Research,269,5,no,no,1.118400651,B/C,1.538555045,0.6,0.6,7.823005676,5.342880412,2.484979605,2.707927366,0.535198547,4,8.841274261,3.508910305,3.485033577,0.667428085
461,Marketing Workshop,194,8,no,no,1.120280664,B/C,0.344877206,0.5,0.625,10.6016674,5.265524351,5.340997393,4.076829416,0.404658505,8,3.47454834,2.008333333,2.641043185,1.616378813
462,Momentum Analysis,214,3,no,no,1.124544348,B/C,0.367014541,0.333333333,1,13.65023549,6.144355786,7.510734048,8.303939791,0.532226868,3,5.726254781,3.222222222,,0
463,Critical Insights,64,19,no,no,1.127866787,B/C,-0.069108384,0.894736842,0.368421053,8.086197903,5.75166899,2.339383253,2.428235982,0.827912241,17,-0.221278359,-2.4431373,11.4138076,0
464,Research America Inc.,282,3,no,no,1.131631475,B/C,0.084772334,1,0.333333333,14.39089012,7.971116108,6.424628354,5.105762863,0.594612216,1,1.690124512,-1.599999746,11.87755075,0
465,Targoz Market Research,454,15,no,no,1.132667759,B/C,2.572473292,0.866666667,0.466666667,6.581652578,4.808807803,1.777699115,2.123533919,0.940228691,15,5.810005951,3.446805543,4.831862287,0
466,TargetPoint,331,2,no,no,1.159604212,B/C,,1,1,18.27473927,9.77160887,8.507984736,7.56646689,0.580640189,0,,,,0
467,Meredith College,423,4,no,no,1.182520947,B/C,1.246890113,0.25,0.75,11.6300025,6.147694892,5.487161947,3.873278725,0.704232495,3,8.728230794,4.36194964,4.653705166,0.056586481
468,Swayable,543,89,yes,no,1.199980088,C,4.067885776,0.887640449,0.247191011,7.246318367,5.430232731,1.820939977,1.364709461,1.135132168,68,5.14467907,0.800375722,4.977010539,0.162098061
469,Glascock Group,116,2,no,no,1.223155397,B/C,0.254732721,0.5,1,15.05851078,5.365966487,9.697398634,9.452966017,0.633977655,2,3.79820919,20,20,0
470,Brigham Young University,34,4,yes,no,1.23311491,B/C,2.066664529,0.75,0.75,16.44090176,7.147380329,9.298375768,10.34488408,1.300379097,4,16.44090176,16.47500038,,0
471,Elucd,549,4,no,no,1.267003518,B/C,,0.5,0.75,12.94745445,7.55719598,5.395112813,4.358326424,0.792422986,0,,,3.682365113,0.036192924
472,Dane & Associates,71,2,no,no,1.292292976,B/C,-0.946832276,0.5,1,21.30413246,5.17688351,16.13210329,14.54617687,0.646484422,2,-21.30413246,-10.60000038,3.200000763,0.736686376
473,GOP Calls,654,2,no,no,1.299843742,B/C,-1.073954814,1,1,21.04491901,6.007385155,15.0423882,13.59419951,0.693733058,2,-21.04491901,,,0
474,Carroll Strategies,450,5,no,no,1.310058902,C/D,-1.913723873,0.8,0.6,9.879275894,5.402969768,4.481160466,3.49079968,0.676206106,5,-9.879275894,-1.651001485,4.512893403,0.921019478
475,CPEC,38,2,no,no,1.35510082,C/D,,1,1,16.00404167,7.828429101,8.180466911,10.11403187,0.776136797,0,,,11.18820155,0
476,Riggs Research Services,289,1,no,no,1.364124598,C/D,0.881171981,0,1,33.65322876,5.596142206,28.06194089,27.94753387,0.731774771,1,33.65322876,29,29,0
477,Mitchell Research & Communications,213,72,no,no,1.367857728,C-,1.271506103,0.694444444,0.416666667,7.146039036,5.79324183,1.357651546,1.731604513,1.274354956,47,1.931463769,-0.132885837,4.792055582,0.032326895
478,TP Research,452,2,no,no,1.371119784,C/D,-1.3636873,0,1,15.55398178,6.016545535,9.542290586,8.794038225,0.771012748,2,-15.55398178,-8.315000534,7.100002289,0.372871196
479,Saint Leo University,299,6,no,no,1.426303346,C/D,1.750224951,0.333333333,0.666666667,8.502264023,5.077131027,3.429987337,4.7785577,0.983685157,6,8.502264023,6.535661429,7.921835014,0
480,Target Insyght,330,6,no,no,1.442224482,C/D,-0.626470815,0.75,0.333333333,10.3523461,6.724533607,3.632666836,4.523027405,1.020477301,4,-3.897408485,-3.664907135,8.810208109,0
481,Point Blank Political,550,6,no,no,1.48861359,C/D,,0.833333333,0.833333333,10.66819604,7.981234875,2.691815508,4.37045436,1.09261359,0,,,9.375758475,0
482,Brown University,35,12,yes,no,1.511510388,C/D,-0.299986079,0.833333333,0.666666667,11.42948103,7.06377932,4.370556051,6.056145335,1.55580452,7,-2.211815698,-0.175000509,5.067988685,0.281432336
483,McLaughlin & Associates,203,27,no,no,1.556690446,C/D,-1.594512296,0.685185185,0.37037037,7.301642524,5.342332225,1.964164639,3.022415902,1.37822902,27,-3.496718795,-4.563259908,5.927640924,0
484,University of Wyoming,667,3,no,no,1.639473691,C/D,2.164692288,1,1,15.15284602,5.2879568,9.869743559,7.912315839,1.130330834,3,15.15284602,5,,0
485,Triton Polling & Research,497,2,no,no,1.640410492,C/D,1.728580475,1,1,17.28580475,5.127785687,12.1628734,10.86010492,1.086010492,2,17.28580475,14.90000153,,0
486,Opinion Research Associates,242,14,no,no,1.653558278,C/D,2.009217468,0.607142857,0.428571429,9.188911438,5.478451763,3.715314016,4.832690876,1.271366968,14,7.637391227,6.418745408,8.697426874,0
487,FM3 Research,91,10,no,no,1.729452429,C/D,1.894241514,0.65,0.5,9.126483917,5.686454395,3.444883862,6.079239315,1.294275834,10,8.897290039,7.523486524,7.502038208,0
488,TCJ Research,327,132,no,yes,1.732523497,F,-4.368320531,0.590909091,0.492424242,6.437300061,4.620029263,1.822125139,2.119417024,1.677473937,124,-5.583939398,-3.444773642,4.378142404,0
489,Humphrey Institute,143,12,no,no,1.941500368,C/D,0.55139079,0.5,0.5,13.25634193,6.551074581,6.710121694,7.1099455,1.505034654,8,3.786312103,3.082291673,5.487777585,0
490,Indiana University-Purdue University Fort Wayne,150,3,no,no,2.048179029,C/D,,0,1,23.41861343,9.746905585,13.67656219,13.57853073,1.505241393,0,,,,0
491,Nielson Brothers Polling,231,11,no,no,2.217821047,C/D,3.764006461,0.909090909,0.727272727,12.2624399,5.016595728,7.250698514,6.131094094,1.881964598,11,12.2624399,8.833333333,7.267102289,0
492,Jayhawk Consulting Services,157,2,no,no,2.793560295,C/D,2.970260142,0.5,1,37.61340332,5.822173433,31.79608423,28.0739917,2.21695064,2,37.61340332,10.89999771,,0
493,Fort Hays State University,101,6,no,no,2.925766982,C/D,-1.437339691,0.666666667,0.5,22.10050201,8.121156738,13.98419962,12.4084359,2.476527911,2,-18.73033142,-27.66666667,28.25,0